game_id,date,is_playoff,game_goals,reg_goals_total,reg_games_total,playoff_goals_total,playoff_games_total
1,10/10/1979,0,0,0,1,0,0
2,10/13/1979,0,0,0,2,0,0
3,10/14/1979,0,1,1,3,0,0
4,10/19/1979,0,0,1,4,0,0
5,10/21/1979,0,1,2,5,0,0
6,10/23/1979,0,0,2,6,0,0
7,10/24/1979,0,0,2,7,0,0
8,10/26/1979,0,0,2,8,0,0
9,10/28/1979,0,0,2,9,0,0
10,11/2/1979,0,2,4,10,0,0
11,11/4/1979,0,0,4,11,0,0
12,11/7/1979,0,1,5,12,0,0
13,11/8/1979,0,0,5,13,0,0
14,11/11/1979,0,0,5,14,0,0
15,11/13/1979,0,1,6,15,0,0
16,11/15/1979,0,0,6,16,0,0
17,11/17/1979,0,0,6,17,0,0
18,11/18/1979,0,1,7,18,0,0
19,11/21/1979,0,2,9,19,0,0
20,11/24/1979,0,0,9,20,0,0
21,11/28/1979,0,0,9,21,0,0
22,11/30/1979,0,1,10,22,0,0
23,12/5/1979,0,0,10,23,0,0
24,12/7/1979,0,0,10,24,0,0
25,12/9/1979,0,1,11,25,0,0
26,12/12/1979,0,0,11,26,0,0
27,12/14/1979,0,1,12,27,0,0
28,12/16/1979,0,1,13,28,0,0
29,12/19/1979,0,2,15,29,0,0
30,12/21/1979,0,0,15,30,0,0
31,12/22/1979,0,2,17,31,0,0
32,12/26/1979,0,1,18,32,0,0
33,12/28/1979,0,1,19,33,0,0
34,12/30/1979,0,0,19,34,0,0
35,1/2/1980,0,0,19,35,0,0
36,1/5/1980,0,2,21,36,0,0
37,1/7/1980,0,0,21,37,0,0
38,1/9/1980,0,1,22,38,0,0
39,1/11/1980,0,0,22,39,0,0
40,1/13/1980,0,0,22,40,0,0
41,1/16/1980,0,1,23,41,0,0
42,1/17/1980,0,0,23,42,0,0
43,1/19/1980,0,2,25,43,0,0
44,1/20/1980,0,0,25,44,0,0
45,1/23/1980,0,1,26,45,0,0
46,1/26/1980,0,0,26,46,0,0
47,1/27/1980,0,1,27,47,0,0
48,1/29/1980,0,0,27,48,0,0
49,1/30/1980,0,1,28,49,0,0
50,2/1/1980,0,3,31,50,0,0
51,2/3/1980,0,1,32,51,0,0
52,2/6/1980,0,1,33,52,0,0
53,2/8/1980,0,1,34,53,0,0
54,2/10/1980,0,0,34,54,0,0
55,2/13/1980,0,0,34,55,0,0
56,2/15/1980,0,0,34,56,0,0
57,2/17/1980,0,1,35,57,0,0
58,2/19/1980,0,0,35,58,0,0
59,2/20/1980,0,0,35,59,0,0
60,2/22/1980,0,0,35,60,0,0
61,2/24/1980,0,0,35,61,0,0
62,2/27/1980,0,0,35,62,0,0
63,2/29/1980,0,0,35,63,0,0
64,3/1/1980,0,0,35,64,0,0
65,3/4/1980,0,2,37,65,0,0
66,3/6/1980,0,1,38,66,0,0
67,3/8/1980,0,1,39,67,0,0
68,3/9/1980,0,0,39,68,0,0
69,3/12/1980,0,2,41,69,0,0
70,3/14/1980,0,0,41,70,0,0
71,3/15/1980,0,1,42,71,0,0
72,3/19/1980,0,0,42,72,0,0
73,3/21/1980,0,3,45,73,0,0
74,3/25/1980,0,2,47,74,0,0
75,3/26/1980,0,0,47,75,0,0
76,3/29/1980,0,2,49,76,0,0
77,4/1/1980,0,0,49,77,0,0
78,4/2/1980,0,1,50,78,0,0
79,4/4/1980,0,1,51,79,0,0
80,4/8/1980,1,1,51,79,1,1
81,4/9/1980,1,0,51,79,1,2
82,4/11/1980,1,1,51,79,2,3
83,10/10/1980,0,2,53,80,2,3
84,10/12/1980,0,0,53,81,2,3
85,10/15/1980,0,0,53,82,2,3
86,10/18/1980,0,2,55,83,2,3
87,10/19/1980,0,1,56,84,2,3
88,10/22/1980,0,0,56,85,2,3
89,10/24/1980,0,0,56,86,2,3
90,10/26/1980,0,0,56,87,2,3
91,10/29/1980,0,0,56,88,2,3
92,11/1/1980,0,0,56,89,2,3
93,11/3/1980,0,2,58,90,2,3
94,11/5/1980,0,0,58,91,2,3
95,11/7/1980,0,0,58,92,2,3
96,11/9/1980,0,0,58,93,2,3
97,11/13/1980,0,0,58,94,2,3
98,11/15/1980,0,1,59,95,2,3
99,11/16/1980,0,1,60,96,2,3
100,11/19/1980,0,0,60,97,2,3
101,11/23/1980,0,0,60,98,2,3
102,11/25/1980,0,0,60,99,2,3
103,11/26/1980,0,1,61,100,2,3
104,11/28/1980,0,0,61,101,2,3
105,11/29/1980,0,1,62,102,2,3
106,12/5/1980,0,1,63,103,2,3
107,12/7/1980,0,1,64,104,2,3
108,12/10/1980,0,0,64,105,2,3
109,12/13/1980,0,0,64,106,2,3
110,12/14/1980,0,0,64,107,2,3
111,12/16/1980,0,0,64,108,2,3
112,12/17/1980,0,0,64,109,2,3
113,12/20/1980,0,0,64,110,2,3
114,12/23/1980,0,3,67,111,2,3
115,12/27/1980,0,0,67,112,2,3
116,12/28/1980,0,0,67,113,2,3
117,12/30/1980,0,1,68,114,2,3
118,1/2/1981,0,0,68,115,2,3
119,1/3/1981,0,1,69,116,2,3
120,1/7/1981,0,2,71,117,2,3
121,1/9/1981,0,0,71,118,2,3
122,1/11/1981,0,1,72,119,2,3
123,1/12/1981,0,0,72,120,2,3
124,1/14/1981,0,2,74,121,2,3
125,1/16/1981,0,0,74,122,2,3
126,1/17/1981,0,1,75,123,2,3
127,1/21/1981,0,1,76,124,2,3
128,1/23/1981,0,0,76,125,2,3
129,1/24/1981,0,0,76,126,2,3
130,1/28/1981,0,1,77,127,2,3
131,1/30/1981,0,1,78,128,2,3
132,2/1/1981,0,0,78,129,2,3
133,2/3/1981,0,0,78,130,2,3
134,2/4/1981,0,1,79,131,2,3
135,2/6/1981,0,3,82,132,2,3
136,2/8/1981,0,1,83,133,2,3
137,2/13/1981,0,1,84,134,2,3
138,2/15/1981,0,0,84,135,2,3
139,2/18/1981,0,5,89,136,2,3
140,2/20/1981,0,0,89,137,2,3
141,2/21/1981,0,0,89,138,2,3
142,2/24/1981,0,1,90,139,2,3
143,2/25/1981,0,2,92,140,2,3
144,2/27/1981,0,1,93,141,2,3
145,2/28/1981,0,0,93,142,2,3
146,3/3/1981,0,2,95,143,2,3
147,3/4/1981,0,1,96,144,2,3
148,3/7/1981,0,4,100,145,2,3
149,3/8/1981,0,0,100,146,2,3
150,3/12/1981,0,0,100,147,2,3
151,3/15/1981,0,1,101,148,2,3
152,3/16/1981,0,0,101,149,2,3
153,3/18/1981,0,0,101,150,2,3
154,3/20/1981,0,1,102,151,2,3
155,3/21/1981,0,1,103,152,2,3
156,3/23/1981,0,0,103,153,2,3
157,3/25/1981,0,1,104,154,2,3
158,3/28/1981,0,0,104,155,2,3
159,3/29/1981,0,0,104,156,2,3
160,4/1/1981,0,0,104,157,2,3
161,4/3/1981,0,1,105,158,2,3
162,4/4/1981,0,1,106,159,2,3
163,4/8/1981,1,0,106,159,2,4
164,4/9/1981,1,0,106,159,2,5
165,4/11/1981,1,3,106,159,5,6
166,4/16/1981,1,1,106,159,6,7
167,4/17/1981,1,0,106,159,6,8
168,4/19/1981,1,3,106,159,9,9
169,4/20/1981,1,0,106,159,9,10
170,4/22/1981,1,0,106,159,9,11
171,4/24/1981,1,0,106,159,9,12
172,10/7/1981,0,0,106,160,9,12
173,10/9/1981,0,0,106,161,9,12
174,10/10/1981,0,1,107,162,9,12
175,10/14/1981,0,1,108,163,9,12
176,10/16/1981,0,1,109,164,9,12
177,10/18/1981,0,1,110,165,9,12
178,10/20/1981,0,1,111,166,9,12
179,10/21/1981,0,0,111,167,9,12
180,10/23/1981,0,1,112,168,9,12
181,10/24/1981,0,1,113,169,9,12
182,10/27/1981,0,0,113,170,9,12
183,10/28/1981,0,2,115,171,9,12
184,10/31/1981,0,4,119,172,9,12
185,11/4/1981,0,2,121,173,9,12
186,11/7/1981,0,0,121,174,9,12
187,11/11/1981,0,2,123,175,9,12
188,11/12/1981,0,0,123,176,9,12
189,11/14/1981,0,1,124,177,9,12
190,11/15/1981,0,1,125,178,9,12
191,11/17/1981,0,2,127,179,9,12
192,11/19/1981,0,0,127,180,9,12
193,11/21/1981,0,2,129,181,9,12
194,11/23/1981,0,1,130,182,9,12
195,11/25/1981,0,4,134,183,9,12
196,11/27/1981,0,2,136,184,9,12
197,11/29/1981,0,1,137,185,9,12
198,12/1/1981,0,0,137,186,9,12
199,12/2/1981,0,0,137,187,9,12
200,12/4/1981,0,0,137,188,9,12
201,12/5/1981,0,0,137,189,9,12
202,12/9/1981,0,1,138,190,9,12
203,12/13/1981,0,1,139,191,9,12
204,12/16/1981,0,1,140,192,9,12
205,12/17/1981,0,1,141,193,9,12
206,12/19/1981,0,3,144,194,9,12
207,12/20/1981,0,2,146,195,9,12
208,12/23/1981,0,1,147,196,9,12
209,12/27/1981,0,4,151,197,9,12
210,12/30/1981,0,5,156,198,9,12
211,12/31/1981,0,0,156,199,9,12
212,1/2/1982,0,1,157,200,9,12
213,1/6/1982,0,2,159,201,9,12
214,1/9/1982,0,1,160,202,9,12
215,1/10/1982,0,0,160,203,9,12
216,1/13/1982,0,1,161,204,9,12
217,1/14/1982,0,1,162,205,9,12
218,1/16/1982,0,1,163,206,9,12
219,1/17/1982,0,0,163,207,9,12
220,1/20/1982,0,3,166,208,9,12
221,1/22/1982,0,1,167,209,9,12
222,1/24/1982,0,0,167,210,9,12
223,1/26/1982,0,1,168,211,9,12
224,1/27/1982,0,1,169,212,9,12
225,1/29/1982,0,1,170,213,9,12
226,1/31/1982,0,3,173,214,9,12
227,2/3/1982,0,1,174,215,9,12
228,2/6/1982,0,0,174,216,9,12
229,2/7/1982,0,1,175,217,9,12
230,2/12/1982,0,1,176,218,9,12
231,2/14/1982,0,0,176,219,9,12
232,2/17/1982,0,2,178,220,9,12
233,2/19/1982,0,3,181,221,9,12
234,2/21/1982,0,1,182,222,9,12
235,2/24/1982,0,3,185,223,9,12
236,2/27/1982,0,1,186,224,9,12
237,2/28/1982,0,2,188,225,9,12
238,3/2/1982,0,0,188,226,9,12
239,3/3/1982,0,0,188,227,9,12
240,3/6/1982,0,0,188,228,9,12
241,3/10/1982,0,0,188,229,9,12
242,3/12/1982,0,0,188,230,9,12
243,3/13/1982,0,0,188,231,9,12
244,3/15/1982,0,2,190,232,9,12
245,3/17/1982,0,3,193,233,9,12
246,3/19/1982,0,1,194,234,9,12
247,3/25/1982,0,2,196,235,9,12
248,3/26/1982,0,1,197,236,9,12
249,3/28/1982,0,1,198,237,9,12
250,3/31/1982,0,0,198,238,9,12
251,4/4/1982,0,0,198,239,9,12
252,4/7/1982,1,1,198,239,10,13
253,4/8/1982,1,1,198,239,11,14
254,4/10/1982,1,2,198,239,13,15
255,4/12/1982,1,0,198,239,13,16
256,4/13/1982,1,1,198,239,14,17
257,10/5/1982,0,0,198,240,14,17
258,10/8/1982,0,1,199,241,14,17
259,10/9/1982,0,2,201,242,14,17
260,10/12/1982,0,1,202,243,14,17
261,10/14/1982,0,1,203,244,14,17
262,10/16/1982,0,0,203,245,14,17
263,10/17/1982,0,1,204,246,14,17
264,10/20/1982,0,0,204,247,14,17
265,10/21/1982,0,0,204,248,14,17
266,10/24/1982,0,0,204,249,14,17
267,10/27/1982,0,0,204,250,14,17
268,10/29/1982,0,1,205,251,14,17
269,10/31/1982,0,1,206,252,14,17
270,11/3/1982,0,1,207,253,14,17
271,11/5/1982,0,1,208,254,14,17
272,11/8/1982,0,0,208,255,14,17
273,11/10/1982,0,0,208,256,14,17
274,11/11/1982,0,1,209,257,14,17
275,11/13/1982,0,1,210,258,14,17
276,11/14/1982,0,2,212,259,14,17
277,11/16/1982,0,0,212,260,14,17
278,11/20/1982,0,0,212,261,14,17
279,11/21/1982,0,3,215,262,14,17
280,11/24/1982,0,1,216,263,14,17
281,11/26/1982,0,2,218,264,14,17
282,11/28/1982,0,0,218,265,14,17
283,12/1/1982,0,0,218,266,14,17
284,12/4/1982,0,1,219,267,14,17
285,12/5/1982,0,1,220,268,14,17
286,12/7/1982,0,2,222,269,14,17
287,12/9/1982,0,0,222,270,14,17
288,12/11/1982,0,1,223,271,14,17
289,12/17/1982,0,1,224,272,14,17
290,12/19/1982,0,0,224,273,14,17
291,12/22/1982,0,1,225,274,14,17
292,12/23/1982,0,1,226,275,14,17
293,12/26/1982,0,0,226,276,14,17
294,12/29/1982,0,0,226,277,14,17
295,12/31/1982,0,2,228,278,14,17
296,1/1/1983,0,0,228,279,14,17
297,1/4/1983,0,1,229,280,14,17
298,1/5/1983,0,2,231,281,14,17
299,1/7/1983,0,2,233,282,14,17
300,1/9/1983,0,0,233,283,14,17
301,1/11/1983,0,0,233,284,14,17
302,1/12/1983,0,2,235,285,14,17
303,1/15/1983,0,1,236,286,14,17
304,1/18/1983,0,1,237,287,14,17
305,1/19/1983,0,1,238,288,14,17
306,1/22/1983,0,1,239,289,14,17
307,1/23/1983,0,1,240,290,14,17
308,1/26/1983,0,2,242,291,14,17
309,1/29/1983,0,0,242,292,14,17
310,1/30/1983,0,0,242,293,14,17
311,2/3/1983,0,0,242,294,14,17
312,2/4/1983,0,1,243,295,14,17
313,2/11/1983,0,1,244,296,14,17
314,2/14/1983,0,2,246,297,14,17
315,2/17/1983,0,0,246,298,14,17
316,2/19/1983,0,2,248,299,14,17
317,2/20/1983,0,0,248,300,14,17
318,2/22/1983,0,1,249,301,14,17
319,2/23/1983,0,2,251,302,14,17
320,2/25/1983,0,1,252,303,14,17
321,2/27/1983,0,0,252,304,14,17
322,3/1/1983,0,1,253,305,14,17
323,3/2/1983,0,1,254,306,14,17
324,3/5/1983,0,2,256,307,14,17
325,3/6/1983,0,1,257,308,14,17
326,3/8/1983,0,3,260,309,14,17
327,3/11/1983,0,0,260,310,14,17
328,3/13/1983,0,1,261,311,14,17
329,3/16/1983,0,1,262,312,14,17
330,3/19/1983,0,1,263,313,14,17
331,3/21/1983,0,1,264,314,14,17
332,3/23/1983,0,0,264,315,14,17
333,3/26/1983,0,2,266,316,14,17
334,3/29/1983,0,1,267,317,14,17
335,4/1/1983,0,1,268,318,14,17
336,4/3/1983,0,1,269,319,14,17
337,4/6/1983,1,4,269,319,18,18
338,4/7/1983,1,0,269,319,18,19
339,4/9/1983,1,0,269,319,18,20
340,4/14/1983,1,0,269,319,18,21
341,4/15/1983,1,0,269,319,18,22
342,4/17/1983,1,4,269,319,22,23
343,4/18/1983,1,1,269,319,23,24
344,4/20/1983,1,1,269,319,24,25
345,4/24/1983,1,1,269,319,25,26
346,4/26/1983,1,0,269,319,25,27
347,5/1/1983,1,0,269,319,25,28
348,5/3/1983,1,1,269,319,26,29
349,5/10/1983,1,0,269,319,26,30
350,5/12/1983,1,0,269,319,26,31
351,5/14/1983,1,0,269,319,26,32
352,5/17/1983,1,0,269,319,26,33
353,10/5/1983,0,1,270,320,26,33
354,10/7/1983,0,2,272,321,26,33
355,10/9/1983,0,1,273,322,26,33
356,10/12/1983,0,2,275,323,26,33
357,10/15/1983,0,1,276,324,26,33
358,10/16/1983,0,1,277,325,26,33
359,10/19/1983,0,2,279,326,26,33
360,10/20/1983,0,1,280,327,26,33
361,10/22/1983,0,0,280,328,26,33
362,10/26/1983,0,1,281,329,26,33
363,10/29/1983,0,0,281,330,26,33
364,10/30/1983,0,1,282,331,26,33
365,11/2/1983,0,2,284,332,26,33
366,11/5/1983,0,0,284,333,26,33
367,11/6/1983,0,4,288,334,26,33
368,11/8/1983,0,1,289,335,26,33
369,11/9/1983,0,1,290,336,26,33
370,11/12/1983,0,3,293,337,26,33
371,11/13/1983,0,0,293,338,26,33
372,11/18/1983,0,0,293,339,26,33
373,11/19/1983,0,3,296,340,26,33
374,11/21/1983,0,1,297,341,26,33
375,11/23/1983,0,0,297,342,26,33
376,11/25/1983,0,1,298,343,26,33
377,11/26/1983,0,0,298,344,26,33
378,11/30/1983,0,1,299,345,26,33
379,12/3/1983,0,0,299,346,26,33
380,12/4/1983,0,0,299,347,26,33
381,12/7/1983,0,0,299,348,26,33
382,12/10/1983,0,0,299,349,26,33
383,12/13/1983,0,1,300,350,26,33
384,12/14/1983,0,3,303,351,26,33
385,12/17/1983,0,1,304,352,26,33
386,12/18/1983,0,2,306,353,26,33
387,12/21/1983,0,3,309,354,26,33
388,12/23/1983,0,1,310,355,26,33
389,12/26/1983,0,1,311,356,26,33
390,12/28/1983,0,0,311,357,26,33
391,12/30/1983,0,0,311,358,26,33
392,1/3/1984,0,1,312,359,26,33
393,1/4/1984,0,4,316,360,26,33
394,1/7/1984,0,3,319,361,26,33
395,1/9/1984,0,2,321,362,26,33
396,1/11/1984,0,1,322,363,26,33
397,1/13/1984,0,0,322,364,26,33
398,1/15/1984,0,0,322,365,26,33
399,1/18/1984,0,3,325,366,26,33
400,1/20/1984,0,2,327,367,26,33
401,1/21/1984,0,0,327,368,26,33
402,1/25/1984,0,2,329,369,26,33
403,1/27/1984,0,1,330,370,26,33
404,1/28/1984,0,0,330,371,26,33
405,2/15/1984,0,2,332,372,26,33
406,2/17/1984,0,0,332,373,26,33
407,2/19/1984,0,2,334,374,26,33
408,2/21/1984,0,4,338,375,26,33
409,2/22/1984,0,4,342,376,26,33
410,2/24/1984,0,0,342,377,26,33
411,2/25/1984,0,2,344,378,26,33
412,2/27/1984,0,1,345,379,26,33
413,2/29/1984,0,0,345,380,26,33
414,3/4/1984,0,2,347,381,26,33
415,3/7/1984,0,0,347,382,26,33
416,3/10/1984,0,1,348,383,26,33
417,3/11/1984,0,2,350,384,26,33
418,3/13/1984,0,1,351,385,26,33
419,3/15/1984,0,0,351,386,26,33
420,3/17/1984,0,1,352,387,26,33
421,3/18/1984,0,0,352,388,26,33
422,3/21/1984,0,0,352,389,26,33
423,3/24/1984,0,1,353,390,26,33
424,3/25/1984,0,1,354,391,26,33
425,3/27/1984,0,2,356,392,26,33
426,3/31/1984,0,0,356,393,26,33
427,4/4/1984,1,0,356,393,26,34
428,4/5/1984,1,1,356,393,27,35
429,4/7/1984,1,0,356,393,27,36
430,4/12/1984,1,2,356,393,29,37
431,4/13/1984,1,1,356,393,30,38
432,4/15/1984,1,0,356,393,30,39
433,4/16/1984,1,0,356,393,30,40
434,4/18/1984,1,0,356,393,30,41
435,4/20/1984,1,0,356,393,30,42
436,4/22/1984,1,1,356,393,31,43
437,4/24/1984,1,1,356,393,32,44
438,4/26/1984,1,1,356,393,33,45
439,4/28/1984,1,2,356,393,35,46
440,5/1/1984,1,0,356,393,35,47
441,5/10/1984,1,0,356,393,35,48
442,5/12/1984,1,0,356,393,35,49
443,5/15/1984,1,0,356,393,35,50
444,5/17/1984,1,2,356,393,37,51
445,5/19/1984,1,2,356,393,39,52
446,10/11/1984,0,0,356,394,39,52
447,10/12/1984,0,0,356,395,39,52
448,10/14/1984,0,1,357,396,39,52
449,10/16/1984,0,2,359,397,39,52
450,10/18/1984,0,3,362,398,39,52
451,10/19/1984,0,2,364,399,39,52
452,10/21/1984,0,2,366,400,39,52
453,10/24/1984,0,0,366,401,39,52
454,10/26/1984,0,0,366,402,39,52
455,10/30/1984,0,1,367,403,39,52
456,11/2/1984,0,0,367,404,39,52
457,11/4/1984,0,1,368,405,39,52
458,11/6/1984,0,1,369,406,39,52
459,11/8/1984,0,0,369,407,39,52
460,11/9/1984,0,2,371,408,39,52
461,11/11/1984,0,2,373,409,39,52
462,11/14/1984,0,0,373,410,39,52
463,11/15/1984,0,1,374,411,39,52
464,11/17/1984,0,0,374,412,39,52
465,11/21/1984,0,1,375,413,39,52
466,11/24/1984,0,2,377,414,39,52
467,11/27/1984,0,3,380,415,39,52
468,11/29/1984,0,0,380,416,39,52
469,11/30/1984,0,0,380,417,39,52
470,12/5/1984,0,1,381,418,39,52
471,12/7/1984,0,1,382,419,39,52
472,12/8/1984,0,0,382,420,39,52
473,12/13/1984,0,1,383,421,39,52
474,12/15/1984,0,5,388,422,39,52
475,12/17/1984,0,0,388,423,39,52
476,12/19/1984,0,2,390,424,39,52
477,12/21/1984,0,0,390,425,39,52
478,12/22/1984,0,2,392,426,39,52
479,12/26/1984,0,0,392,427,39,52
480,12/29/1984,0,3,395,428,39,52
481,12/30/1984,0,1,396,429,39,52
482,1/2/1985,0,0,396,430,39,52
483,1/4/1985,0,0,396,431,39,52
484,1/6/1985,0,1,397,432,39,52
485,1/8/1985,0,1,398,433,39,52
486,1/10/1985,0,1,399,434,39,52
487,1/12/1985,0,0,399,435,39,52
488,1/13/1985,0,1,400,436,39,52
489,1/16/1985,0,1,401,437,39,52
490,1/18/1985,0,1,402,438,39,52
491,1/19/1985,0,1,403,439,39,52
492,1/21/1985,0,1,404,440,39,52
493,1/25/1985,0,1,405,441,39,52
494,1/26/1985,0,3,408,442,39,52
495,1/28/1985,0,1,409,443,39,52
496,1/29/1985,0,0,409,444,39,52
497,2/2/1985,0,0,409,445,39,52
498,2/3/1985,0,1,410,446,39,52
499,2/6/1985,0,0,410,447,39,52
500,2/8/1985,0,0,410,448,39,52
501,2/9/1985,0,0,410,449,39,52
502,2/15/1985,0,2,412,450,39,52
503,2/16/1985,0,0,412,451,39,52
504,2/18/1985,0,2,414,452,39,52
505,2/19/1985,0,2,416,453,39,52
506,2/22/1985,0,1,417,454,39,52
507,2/23/1985,0,0,417,455,39,52
508,2/27/1985,0,1,418,456,39,52
509,3/1/1985,0,0,418,457,39,52
510,3/3/1985,0,1,419,458,39,52
511,3/5/1985,0,0,419,459,39,52
512,3/9/1985,0,1,420,460,39,52
513,3/10/1985,0,0,420,461,39,52
514,3/13/1985,0,1,421,462,39,52
515,3/15/1985,0,0,421,463,39,52
516,3/17/1985,0,0,421,464,39,52
517,3/20/1985,0,0,421,465,39,52
518,3/22/1985,0,1,422,466,39,52
519,3/26/1985,0,1,423,467,39,52
520,3/28/1985,0,0,423,468,39,52
521,3/29/1985,0,1,424,469,39,52
522,3/31/1985,0,1,425,470,39,52
523,4/2/1985,0,3,428,471,39,52
524,4/5/1985,0,1,429,472,39,52
525,4/6/1985,0,0,429,473,39,52
526,4/10/1985,1,0,429,473,39,53
527,4/11/1985,1,0,429,473,39,54
528,4/13/1985,1,0,429,473,39,55
529,4/18/1985,1,1,429,473,40,56
530,4/20/1985,1,1,429,473,41,57
531,4/23/1985,1,1,429,473,42,58
532,4/25/1985,1,3,429,473,45,59
533,5/4/1985,1,1,429,473,46,60
534,5/7/1985,1,0,429,473,46,61
535,5/9/1985,1,0,429,473,46,62
536,5/12/1985,1,1,429,473,47,63
537,5/14/1985,1,2,429,473,49,64
538,5/16/1985,1,0,429,473,49,65
539,5/21/1985,1,0,429,473,49,66
540,5/23/1985,1,1,429,473,50,67
541,5/25/1985,1,3,429,473,53,68
542,5/28/1985,1,2,429,473,55,69
543,5/30/1985,1,1,429,473,56,70
544,10/10/1985,0,2,431,474,56,70
545,10/13/1985,0,0,431,475,56,70
546,10/16/1985,0,0,431,476,56,70
547,10/18/1985,0,0,431,477,56,70
548,10/20/1985,0,1,432,478,56,70
549,10/23/1985,0,0,432,479,56,70
550,10/25/1985,0,1,433,480,56,70
551,10/28/1985,0,1,434,481,56,70
552,10/30/1985,0,0,434,482,56,70
553,11/1/1985,0,0,434,483,56,70
554,11/3/1985,0,3,437,484,56,70
555,11/5/1985,0,2,439,485,56,70
556,11/6/1985,0,1,440,486,56,70
557,11/8/1985,0,0,440,487,56,70
558,11/12/1985,0,1,441,488,56,70
559,11/14/1985,0,0,441,489,56,70
560,11/16/1985,0,1,442,490,56,70
561,11/17/1985,0,0,442,491,56,70
562,11/19/1985,0,1,443,492,56,70
563,11/20/1985,0,1,444,493,56,70
564,11/23/1985,0,0,444,494,56,70
565,11/27/1985,0,2,446,495,56,70
566,11/30/1985,0,1,447,496,56,70
567,12/1/1985,0,0,447,497,56,70
568,12/3/1985,0,0,447,498,56,70
569,12/5/1985,0,0,447,499,56,70
570,12/7/1985,0,1,448,500,56,70
571,12/8/1985,0,0,448,501,56,70
572,12/10/1985,0,0,448,502,56,70
573,12/11/1985,0,0,448,503,56,70
574,12/13/1985,0,2,450,504,56,70
575,12/15/1985,0,0,450,505,56,70
576,12/18/1985,0,0,450,506,56,70
577,12/20/1985,0,0,450,507,56,70
578,12/22/1985,0,2,452,508,56,70
579,12/29/1985,0,0,452,509,56,70
580,12/31/1985,0,3,455,510,56,70
581,1/2/1986,0,1,456,511,56,70
582,1/4/1986,0,0,456,512,56,70
583,1/5/1986,0,1,457,513,56,70
584,1/8/1986,0,3,460,514,56,70
585,1/10/1986,0,0,460,515,56,70
586,1/11/1986,0,1,461,516,56,70
587,1/13/1986,0,1,462,517,56,70
588,1/15/1986,0,2,464,518,56,70
589,1/18/1986,0,0,464,519,56,70
590,1/22/1986,0,1,465,520,56,70
591,1/24/1986,0,1,466,521,56,70
592,1/25/1986,0,1,467,522,56,70
593,1/27/1986,0,0,467,523,56,70
594,1/29/1986,0,0,467,524,56,70
595,1/31/1986,0,0,467,525,56,70
596,2/1/1986,0,0,467,526,56,70
597,2/6/1986,0,0,467,527,56,70
598,2/8/1986,0,0,467,528,56,70
599,2/9/1986,0,0,467,529,56,70
600,2/11/1986,0,0,467,530,56,70
601,2/14/1986,0,0,467,531,56,70
602,2/16/1986,0,1,468,532,56,70
603,2/19/1986,0,2,470,533,56,70
604,2/22/1986,0,1,471,534,56,70
605,2/24/1986,0,1,472,535,56,70
606,2/26/1986,0,2,474,536,56,70
607,3/2/1986,0,0,474,537,56,70
608,3/4/1986,0,0,474,538,56,70
609,3/5/1986,0,2,476,539,56,70
610,3/7/1986,0,0,476,540,56,70
611,3/9/1986,0,1,477,541,56,70
612,3/11/1986,0,0,477,542,56,70
613,3/12/1986,0,0,477,543,56,70
614,3/14/1986,0,1,478,544,56,70
615,3/18/1986,0,1,479,545,56,70
616,3/21/1986,0,0,479,546,56,70
617,3/25/1986,0,0,479,547,56,70
618,3/26/1986,0,1,480,548,56,70
619,3/28/1986,0,0,480,549,56,70
620,3/29/1986,0,0,480,550,56,70
621,4/2/1986,0,1,481,551,56,70
622,4/4/1986,0,0,481,552,56,70
623,4/6/1986,0,0,481,553,56,70
624,4/9/1986,1,1,481,553,57,71
625,4/10/1986,1,1,481,553,58,72
626,4/12/1986,1,1,481,553,59,73
627,4/18/1986,1,0,481,553,59,74
628,4/20/1986,1,0,481,553,59,75
629,4/22/1986,1,1,481,553,60,76
630,4/24/1986,1,3,481,553,63,77
631,4/26/1986,1,1,481,553,64,78
632,4/28/1986,1,0,481,553,64,79
633,4/30/1986,1,0,481,553,64,80
634,10/9/1986,0,0,481,554,64,80
635,10/11/1986,0,2,483,555,64,80
636,10/12/1986,0,1,484,556,64,80
637,10/15/1986,0,0,484,557,64,80
638,10/17/1986,0,0,484,558,64,80
639,10/19/1986,0,0,484,559,64,80
640,10/21/1986,0,2,486,560,64,80
641,10/22/1986,0,0,486,561,64,80
642,10/24/1986,0,3,489,562,64,80
643,10/26/1986,0,0,489,563,64,80
644,10/29/1986,0,1,490,564,64,80
645,10/31/1986,0,2,492,565,64,80
646,11/2/1986,0,0,492,566,64,80
647,11/5/1986,0,1,493,567,64,80
648,11/7/1986,0,1,494,568,64,80
649,11/8/1986,0,0,494,569,64,80
650,11/11/1986,0,0,494,570,64,80
651,11/13/1986,0,1,495,571,64,80
652,11/15/1986,0,0,495,572,64,80
653,11/16/1986,0,1,496,573,64,80
654,11/19/1986,0,1,497,574,64,80
655,11/22/1986,0,3,500,575,64,80
656,11/24/1986,0,1,501,576,64,80
657,11/26/1986,0,1,502,577,64,80
658,11/28/1986,0,0,502,578,64,80
659,12/3/1986,0,1,503,579,64,80
660,12/5/1986,0,0,503,580,64,80
661,12/7/1986,0,1,504,581,64,80
662,12/9/1986,0,1,505,582,64,80
663,12/10/1986,0,3,508,583,64,80
664,12/12/1986,0,0,508,584,64,80
665,12/14/1986,0,0,508,585,64,80
666,12/17/1986,0,4,512,586,64,80
667,12/19/1986,0,2,514,587,64,80
668,12/20/1986,0,2,516,588,64,80
669,12/23/1986,0,0,516,589,64,80
670,12/28/1986,0,2,518,590,64,80
671,12/30/1986,0,2,520,591,64,80
672,1/3/1987,0,1,521,592,64,80
673,1/7/1987,0,0,521,593,64,80
674,1/9/1987,0,0,521,594,64,80
675,1/11/1987,0,0,521,595,64,80
676,1/13/1987,0,1,522,596,64,80
677,1/15/1987,0,1,523,597,64,80
678,1/17/1987,0,1,524,598,64,80
679,1/18/1987,0,0,524,599,64,80
680,1/21/1987,0,2,526,600,64,80
681,1/23/1987,0,2,528,601,64,80
682,1/24/1987,0,1,529,602,64,80
683,1/27/1987,0,0,529,603,64,80
684,1/28/1987,0,0,529,604,64,80
685,1/30/1987,0,1,530,605,64,80
686,2/1/1987,0,0,530,606,64,80
687,2/3/1987,0,0,530,607,64,80
688,2/4/1987,0,1,531,608,64,80
689,2/6/1987,0,0,531,609,64,80
690,2/8/1987,0,2,533,610,64,80
691,2/15/1987,0,0,533,611,64,80
692,2/18/1987,0,1,534,612,64,80
693,2/22/1987,0,1,535,613,64,80
694,2/24/1987,0,0,535,614,64,80
695,2/25/1987,0,0,535,615,64,80
696,2/27/1987,0,0,535,616,64,80
697,3/4/1987,0,1,536,617,64,80
698,3/6/1987,0,1,537,618,64,80
699,3/7/1987,0,0,537,619,64,80
700,3/11/1987,0,1,538,620,64,80
701,3/14/1987,0,2,540,621,64,80
702,3/15/1987,0,1,541,622,64,80
703,3/17/1987,0,0,541,623,64,80
704,3/19/1987,0,1,542,624,64,80
705,3/20/1987,0,0,542,625,64,80
706,3/23/1987,0,0,542,626,64,80
707,3/25/1987,0,0,542,627,64,80
708,3/26/1987,0,0,542,628,64,80
709,3/28/1987,0,0,542,629,64,80
710,3/29/1987,0,0,542,630,64,80
711,3/31/1987,0,0,542,631,64,80
712,4/2/1987,0,1,543,632,64,80
713,4/8/1987,1,0,543,632,64,81
714,4/9/1987,1,1,543,632,65,82
715,4/11/1987,1,0,543,632,65,83
716,4/12/1987,1,1,543,632,66,84
717,4/14/1987,1,0,543,632,66,85
718,4/21/1987,1,0,543,632,66,86
719,4/23/1987,1,0,543,632,66,87
720,4/25/1987,1,0,543,632,66,88
721,4/27/1987,1,1,543,632,67,89
722,5/5/1987,1,0,543,632,67,90
723,5/7/1987,1,0,543,632,67,91
724,5/9/1987,1,0,543,632,67,92
725,5/11/1987,1,0,543,632,67,93
726,5/13/1987,1,0,543,632,67,94
727,5/17/1987,1,1,543,632,68,95
728,5/20/1987,1,1,543,632,69,96
729,5/22/1987,1,0,543,632,69,97
730,5/24/1987,1,0,543,632,69,98
731,5/26/1987,1,0,543,632,69,99
732,5/28/1987,1,0,543,632,69,100
733,5/31/1987,1,0,543,632,69,101
734,10/9/1987,0,0,543,633,69,101
735,10/11/1987,0,1,544,634,69,101
736,10/14/1987,0,1,545,635,69,101
737,10/16/1987,0,0,545,636,69,101
738,10/17/1987,0,1,546,637,69,101
739,10/21/1987,0,2,548,638,69,101
740,10/23/1987,0,0,548,639,69,101
741,10/24/1987,0,2,550,640,69,101
742,10/27/1987,0,0,550,641,69,101
743,10/28/1987,0,0,550,642,69,101
744,10/31/1987,0,0,550,643,69,101
745,11/1/1987,0,0,550,644,69,101
746,11/4/1987,0,3,553,645,69,101
747,11/5/1987,0,1,554,646,69,101
748,11/7/1987,0,2,556,647,69,101
749,11/10/1987,0,0,556,648,69,101
750,11/14/1987,0,0,556,649,69,101
751,11/15/1987,0,1,557,650,69,101
752,11/18/1987,0,0,557,651,69,101
753,11/20/1987,0,0,557,652,69,101
754,11/22/1987,0,2,559,653,69,101
755,11/25/1987,0,1,560,654,69,101
756,11/27/1987,0,1,561,655,69,101
757,11/29/1987,0,0,561,656,69,101
758,12/1/1987,0,0,561,657,69,101
759,12/2/1987,0,0,561,658,69,101
760,12/5/1987,0,2,563,659,69,101
761,12/6/1987,0,5,568,660,69,101
762,12/9/1987,0,0,568,661,69,101
763,12/11/1987,0,0,568,662,69,101
764,12/12/1987,0,2,570,663,69,101
765,12/16/1987,0,1,571,664,69,101
766,12/18/1987,0,0,571,665,69,101
767,12/19/1987,0,0,571,666,69,101
768,12/22/1987,0,0,571,667,69,101
769,12/26/1987,0,1,572,668,69,101
770,12/28/1987,0,0,572,669,69,101
771,12/30/1987,0,1,573,670,69,101
772,1/29/1988,0,0,573,671,69,101
773,1/30/1988,0,1,574,672,69,101
774,2/3/1988,0,1,575,673,69,101
775,2/6/1988,0,1,576,674,69,101
776,2/11/1988,0,1,577,675,69,101
777,2/12/1988,0,0,577,676,69,101
778,2/14/1988,0,0,577,677,69,101
779,2/17/1988,0,0,577,678,69,101
780,2/19/1988,0,0,577,679,69,101
781,2/28/1988,0,1,578,680,69,101
782,3/1/1988,0,1,579,681,69,101
783,3/4/1988,0,0,579,682,69,101
784,3/5/1988,0,0,579,683,69,101
785,3/7/1988,0,0,579,684,69,101
786,3/9/1988,0,0,579,685,69,101
787,3/12/1988,0,0,579,686,69,101
788,3/15/1988,0,0,579,687,69,101
789,3/18/1988,0,0,579,688,69,101
790,3/20/1988,0,1,580,689,69,101
791,3/22/1988,0,0,580,690,69,101
792,3/24/1988,0,0,580,691,69,101
793,3/26/1988,0,1,581,692,69,101
794,3/28/1988,0,1,582,693,69,101
795,3/30/1988,0,1,583,694,69,101
796,4/1/1988,0,0,583,695,69,101
797,4/3/1988,0,0,583,696,69,101
798,4/6/1988,1,0,583,696,69,102
799,4/7/1988,1,0,583,696,69,103
800,4/9/1988,1,0,583,696,69,104
801,4/10/1988,1,0,583,696,69,105
802,4/12/1988,1,1,583,696,70,106
803,4/19/1988,1,1,583,696,71,107
804,4/21/1988,1,2,583,696,73,108
805,4/23/1988,1,0,583,696,73,109
806,4/25/1988,1,1,583,696,74,110
807,5/3/1988,1,0,583,696,74,111
808,5/5/1988,1,1,583,696,75,112
809,5/7/1988,1,2,583,696,77,113
810,5/9/1988,1,0,583,696,77,114
811,5/11/1988,1,1,583,696,78,115
812,5/18/1988,1,1,583,696,79,116
813,5/20/1988,1,1,583,696,80,117
814,5/22/1988,1,0,583,696,80,118
815,5/24/1988,1,0,583,696,80,119
816,5/26/1988,1,1,583,696,81,120
817,10/6/1988,0,1,584,697,81,120
818,10/8/1988,0,2,586,698,81,120
819,10/9/1988,0,1,587,699,81,120
820,10/12/1988,0,2,589,700,81,120
821,10/15/1988,0,0,589,701,81,120
822,10/17/1988,0,1,590,702,81,120
823,10/19/1988,0,0,590,703,81,120
824,10/22/1988,0,2,592,704,81,120
825,10/25/1988,0,0,592,705,81,120
826,10/28/1988,0,0,592,706,81,120
827,10/30/1988,0,1,593,707,81,120
828,11/1/1988,0,1,594,708,81,120
829,11/2/1988,0,0,594,709,81,120
830,11/5/1988,0,0,594,710,81,120
831,11/6/1988,0,2,596,711,81,120
832,11/10/1988,0,0,596,712,81,120
833,11/12/1988,0,0,596,713,81,120
834,11/15/1988,0,2,598,714,81,120
835,11/17/1988,0,0,598,715,81,120
836,11/19/1988,0,1,599,716,81,120
837,11/22/1988,0,0,599,717,81,120
838,11/23/1988,0,1,600,718,81,120
839,11/26/1988,0,1,601,719,81,120
840,11/27/1988,0,0,601,720,81,120
841,11/29/1988,0,2,603,721,81,120
842,12/1/1988,0,0,603,722,81,120
843,12/3/1988,0,1,604,723,81,120
844,12/6/1988,0,1,605,724,81,120
845,12/8/1988,0,1,606,725,81,120
846,12/10/1988,0,0,606,726,81,120
847,12/12/1988,0,1,607,727,81,120
848,12/16/1988,0,1,608,728,81,120
849,12/17/1988,0,0,608,729,81,120
850,12/20/1988,0,0,608,730,81,120
851,12/21/1988,0,1,609,731,81,120
852,12/23/1988,0,2,611,732,81,120
853,12/27/1988,0,0,611,733,81,120
854,12/29/1988,0,1,612,734,81,120
855,1/5/1989,0,0,612,735,81,120
856,1/6/1989,0,0,612,736,81,120
857,1/8/1989,0,1,613,737,81,120
858,1/10/1989,0,0,613,738,81,120
859,1/12/1989,0,0,613,739,81,120
860,1/14/1989,0,2,615,740,81,120
861,1/17/1989,0,0,615,741,81,120
862,1/19/1989,0,0,615,742,81,120
863,1/21/1989,0,1,616,743,81,120
864,1/24/1989,0,0,616,744,81,120
865,1/26/1989,0,0,616,745,81,120
866,1/28/1989,0,0,616,746,81,120
867,1/31/1989,0,1,617,747,81,120
868,2/2/1989,0,1,618,748,81,120
869,2/4/1989,0,3,621,749,81,120
870,2/9/1989,0,0,621,750,81,120
871,2/10/1989,0,1,622,751,81,120
872,2/12/1989,0,3,625,752,81,120
873,2/15/1989,0,0,625,753,81,120
874,2/18/1989,0,2,627,754,81,120
875,2/20/1989,0,2,629,755,81,120
876,2/22/1989,0,0,629,756,81,120
877,2/24/1989,0,0,629,757,81,120
878,2/26/1989,0,0,629,758,81,120
879,2/27/1989,0,0,629,759,81,120
880,3/1/1989,0,1,630,760,81,120
881,3/2/1989,0,1,631,761,81,120
882,3/4/1989,0,2,633,762,81,120
883,3/7/1989,0,0,633,763,81,120
884,3/10/1989,0,1,634,764,81,120
885,3/12/1989,0,1,635,765,81,120
886,3/14/1989,0,0,635,766,81,120
887,3/15/1989,0,0,635,767,81,120
888,3/18/1989,0,0,635,768,81,120
889,3/21/1989,0,0,635,769,81,120
890,3/23/1989,0,0,635,770,81,120
891,3/25/1989,0,0,635,771,81,120
892,3/28/1989,0,1,636,772,81,120
893,3/29/1989,0,1,637,773,81,120
894,4/1/1989,0,0,637,774,81,120
895,4/5/1989,1,0,637,774,81,121
896,4/6/1989,1,1,637,774,82,122
897,4/8/1989,1,0,637,774,82,123
898,4/9/1989,1,0,637,774,82,124
899,4/11/1989,1,1,637,774,83,125
900,4/13/1989,1,0,637,774,83,126
901,4/15/1989,1,2,637,774,85,127
902,4/18/1989,1,0,637,774,85,128
903,4/20/1989,1,0,637,774,85,129
904,4/22/1989,1,0,637,774,85,130
905,4/24/1989,1,1,637,774,86,131
906,10/5/1989,0,0,637,775,86,131
907,10/7/1989,0,2,639,776,86,131
908,10/8/1989,0,0,639,777,86,131
909,10/11/1989,0,1,640,778,86,131
910,10/13/1989,0,0,640,779,86,131
911,10/15/1989,0,2,642,780,86,131
912,10/17/1989,0,0,642,781,86,131
913,10/21/1989,0,1,643,782,86,131
914,10/22/1989,0,0,643,783,86,131
915,10/25/1989,0,0,643,784,86,131
916,10/27/1989,0,0,643,785,86,131
917,10/29/1989,0,0,643,786,86,131
918,10/31/1989,0,3,646,787,86,131
919,11/2/1989,0,0,646,788,86,131
920,11/4/1989,0,0,646,789,86,131
921,11/5/1989,0,0,646,790,86,131
922,11/8/1989,0,1,647,791,86,131
923,11/11/1989,0,0,647,792,86,131
924,11/14/1989,0,0,647,793,86,131
925,11/15/1989,0,0,647,794,86,131
926,11/18/1989,0,0,647,795,86,131
927,11/22/1989,0,1,648,796,86,131
928,11/25/1989,0,0,648,797,86,131
929,11/26/1989,0,0,648,798,86,131
930,11/30/1989,0,1,649,799,86,131
931,12/2/1989,0,0,649,800,86,131
932,12/6/1989,0,0,649,801,86,131
933,12/8/1989,0,1,650,802,86,131
934,12/10/1989,0,0,650,803,86,131
935,12/11/1989,0,0,650,804,86,131
936,12/13/1989,0,1,651,805,86,131
937,12/15/1989,0,1,652,806,86,131
938,12/16/1989,0,0,652,807,86,131
939,12/19/1989,0,2,654,808,86,131
940,12/21/1989,0,1,655,809,86,131
941,12/23/1989,0,0,655,810,86,131
942,12/27/1989,0,1,656,811,86,131
943,12/30/1989,0,0,656,812,86,131
944,1/1/1990,0,2,658,813,86,131
945,1/2/1990,0,0,658,814,86,131
946,1/4/1990,0,0,658,815,86,131
947,1/6/1990,0,1,659,816,86,131
948,1/9/1990,0,1,660,817,86,131
949,1/11/1990,0,1,661,818,86,131
950,1/13/1990,0,0,661,819,86,131
951,1/16/1990,0,1,662,820,86,131
952,1/18/1990,0,2,664,821,86,131
953,1/23/1990,0,0,664,822,86,131
954,1/25/1990,0,0,664,823,86,131
955,1/27/1990,0,1,665,824,86,131
956,1/30/1990,0,0,665,825,86,131
957,2/1/1990,0,1,666,826,86,131
958,2/3/1990,0,0,666,827,86,131
959,2/6/1990,0,0,666,828,86,131
960,2/8/1990,0,0,666,829,86,131
961,2/10/1990,0,0,666,830,86,131
962,2/12/1990,0,0,666,831,86,131
963,2/14/1990,0,2,668,832,86,131
964,2/15/1990,0,0,668,833,86,131
965,2/17/1990,0,2,670,834,86,131
966,2/19/1990,0,1,671,835,86,131
967,2/21/1990,0,1,672,836,86,131
968,2/24/1990,0,0,672,837,86,131
969,2/28/1990,0,1,673,838,86,131
970,3/2/1990,0,0,673,839,86,131
971,3/4/1990,0,0,673,840,86,131
972,3/5/1990,0,0,673,841,86,131
973,3/7/1990,0,1,674,842,86,131
974,3/10/1990,0,1,675,843,86,131
975,3/12/1990,0,0,675,844,86,131
976,3/14/1990,0,1,676,845,86,131
977,3/17/1990,0,1,677,846,86,131
978,3/22/1990,0,0,677,847,86,131
979,4/8/1990,1,0,677,847,86,132
980,4/10/1990,1,1,677,847,87,133
981,4/12/1990,1,0,677,847,87,134
982,4/14/1990,1,1,677,847,88,135
983,4/18/1990,1,0,677,847,88,136
984,4/20/1990,1,0,677,847,88,137
985,4/22/1990,1,1,677,847,89,138
986,10/4/1990,0,2,679,848,89,138
987,10/6/1990,0,0,679,849,89,138
988,10/9/1990,0,0,679,850,89,138
989,10/11/1990,0,1,680,851,89,138
990,10/13/1990,0,2,682,852,89,138
991,10/14/1990,0,0,682,853,89,138
992,10/17/1990,0,1,683,854,89,138
993,10/19/1990,0,1,684,855,89,138
994,10/23/1990,0,0,684,856,89,138
995,10/26/1990,0,0,684,857,89,138
996,10/28/1990,0,0,684,858,89,138
997,10/30/1990,0,1,685,859,89,138
998,10/31/1990,0,1,686,860,89,138
999,11/2/1990,0,1,687,861,89,138
1000,11/4/1990,0,0,687,862,89,138
1001,11/8/1990,0,1,688,863,89,138
1002,11/10/1990,0,1,689,864,89,138
1003,11/14/1990,0,1,690,865,89,138
1004,11/17/1990,0,0,690,866,89,138
1005,11/20/1990,0,1,691,867,89,138
1006,11/22/1990,0,0,691,868,89,138
1007,11/24/1990,0,0,691,869,89,138
1008,11/25/1990,0,1,692,870,89,138
1009,11/27/1990,0,0,692,871,89,138
1010,11/29/1990,0,1,693,872,89,138
1011,12/1/1990,0,0,693,873,89,138
1012,12/5/1990,0,1,694,874,89,138
1013,12/8/1990,0,0,694,875,89,138
1014,12/11/1990,0,2,696,876,89,138
1015,12/13/1990,0,0,696,877,89,138
1016,12/15/1990,0,1,697,878,89,138
1017,12/18/1990,0,0,697,879,89,138
1018,12/20/1990,0,1,698,880,89,138
1019,12/22/1990,0,0,698,881,89,138
1020,12/27/1990,0,0,698,882,89,138
1021,12/29/1990,0,1,699,883,89,138
1022,12/31/1990,0,0,699,884,89,138
1023,1/2/1991,0,0,699,885,89,138
1024,1/3/1991,0,3,702,886,89,138
1025,1/5/1991,0,0,702,887,89,138
1026,1/6/1991,0,0,702,888,89,138
1027,1/8/1991,0,0,702,889,89,138
1028,1/10/1991,0,0,702,890,89,138
1029,1/12/1991,0,1,703,891,89,138
1030,1/14/1991,0,1,704,892,89,138
1031,1/16/1991,0,0,704,893,89,138
1032,1/17/1991,0,1,705,894,89,138
1033,1/25/1991,0,1,706,895,89,138
1034,1/26/1991,0,3,709,896,89,138
1035,1/30/1991,0,0,709,897,89,138
1036,2/2/1991,0,1,710,898,89,138
1037,2/4/1991,0,0,710,899,89,138
1038,2/5/1991,0,0,710,900,89,138
1039,2/8/1991,0,0,710,901,89,138
1040,2/9/1991,0,0,710,902,89,138
1041,2/12/1991,0,0,710,903,89,138
1042,2/14/1991,0,0,710,904,89,138
1043,2/16/1991,0,0,710,905,89,138
1044,2/18/1991,0,1,711,906,89,138
1045,2/20/1991,0,1,712,907,89,138
1046,2/22/1991,0,1,713,908,89,138
1047,2/24/1991,0,1,714,909,89,138
1048,2/26/1991,0,0,714,910,89,138
1049,2/28/1991,0,0,714,911,89,138
1050,3/2/1991,0,0,714,912,89,138
1051,3/5/1991,0,0,714,913,89,138
1052,3/7/1991,0,1,715,914,89,138
1053,3/9/1991,0,0,715,915,89,138
1054,3/10/1991,0,0,715,916,89,138
1055,3/12/1991,0,0,715,917,89,138
1056,3/14/1991,0,0,715,918,89,138
1057,3/16/1991,0,0,715,919,89,138
1058,3/17/1991,0,0,715,920,89,138
1059,3/20/1991,0,0,715,921,89,138
1060,3/23/1991,0,0,715,922,89,138
1061,3/24/1991,0,0,715,923,89,138
1062,3/26/1991,0,2,717,924,89,138
1063,3/28/1991,0,1,718,925,89,138
1064,4/4/1991,1,1,718,925,90,139
1065,4/6/1991,1,1,718,925,91,140
1066,4/8/1991,1,1,718,925,92,141
1067,4/10/1991,1,1,718,925,93,142
1068,4/12/1991,1,0,718,925,93,143
1069,4/14/1991,1,0,718,925,93,144
1070,4/18/1991,1,0,718,925,93,145
1071,4/20/1991,1,0,718,925,93,146
1072,4/22/1991,1,0,718,925,93,147
1073,4/24/1991,1,0,718,925,93,148
1074,4/26/1991,1,0,718,925,93,149
1075,4/28/1991,1,0,718,925,93,150
1076,10/4/1991,0,0,718,926,93,150
1077,10/6/1991,0,0,718,927,93,150
1078,10/8/1991,0,0,718,928,93,150
1079,10/10/1991,0,0,718,929,93,150
1080,10/12/1991,0,0,718,930,93,150
1081,10/28/1991,0,0,718,931,93,150
1082,10/30/1991,0,1,719,932,93,150
1083,10/31/1991,0,1,720,933,93,150
1084,11/2/1991,0,2,722,934,93,150
1085,11/7/1991,0,0,722,935,93,150
1086,11/9/1991,0,0,722,936,93,150
1087,11/11/1991,0,0,722,937,93,150
1088,11/12/1991,0,1,723,938,93,150
1089,11/14/1991,0,0,723,939,93,150
1090,11/16/1991,0,0,723,940,93,150
1091,11/19/1991,0,0,723,941,93,150
1092,11/21/1991,0,1,724,942,93,150
1093,11/23/1991,0,3,727,943,93,150
1094,11/26/1991,0,1,728,944,93,150
1095,11/28/1991,0,0,728,945,93,150
1096,11/30/1991,0,0,728,946,93,150
1097,12/3/1991,0,1,729,947,93,150
1098,12/5/1991,0,0,729,948,93,150
1099,12/7/1991,0,0,729,949,93,150
1100,12/12/1991,0,1,730,950,93,150
1101,12/14/1991,0,1,731,951,93,150
1102,12/17/1991,0,0,731,952,93,150
1103,12/21/1991,0,1,732,953,93,150
1104,12/26/1991,0,1,733,954,93,150
1105,12/28/1991,0,1,734,955,93,150
1106,12/29/1991,0,0,734,956,93,150
1107,12/31/1991,0,0,734,957,93,150
1108,1/2/1992,0,0,734,958,93,150
1109,1/4/1992,0,1,735,959,93,150
1110,1/7/1992,0,0,735,960,93,150
1111,1/9/1992,0,1,736,961,93,150
1112,1/10/1992,0,0,736,962,93,150
1113,1/12/1992,0,0,736,963,93,150
1114,1/14/1992,0,0,736,964,93,150
1115,1/16/1992,0,0,736,965,93,150
1116,1/22/1992,0,0,736,966,93,150
1117,1/23/1992,0,0,736,967,93,150
1118,1/25/1992,0,0,736,968,93,150
1119,1/28/1992,0,1,737,969,93,150
1120,1/30/1992,0,0,737,970,93,150
1121,2/1/1992,0,1,738,971,93,150
1122,2/4/1992,0,0,738,972,93,150
1123,2/6/1992,0,0,738,973,93,150
1124,2/8/1992,0,2,740,974,93,150
1125,2/9/1992,0,0,740,975,93,150
1126,2/11/1992,0,0,740,976,93,150
1127,2/13/1992,0,0,740,977,93,150
1128,2/15/1992,0,0,740,978,93,150
1129,2/17/1992,0,2,742,979,93,150
1130,2/19/1992,0,1,743,980,93,150
1131,2/21/1992,0,1,744,981,93,150
1132,2/23/1992,0,0,744,982,93,150
1133,2/25/1992,0,0,744,983,93,150
1134,2/29/1992,0,1,745,984,93,150
1135,3/3/1992,0,0,745,985,93,150
1136,3/4/1992,0,0,745,986,93,150
1137,3/7/1992,0,1,746,987,93,150
1138,3/9/1992,0,0,746,988,93,150
1139,3/11/1992,0,0,746,989,93,150
1140,3/14/1992,0,0,746,990,93,150
1141,3/15/1992,0,0,746,991,93,150
1142,3/17/1992,0,0,746,992,93,150
1143,3/19/1992,0,0,746,993,93,150
1144,3/21/1992,0,2,748,994,93,150
1145,3/26/1992,0,1,749,995,93,150
1146,3/27/1992,0,0,749,996,93,150
1147,3/29/1992,0,0,749,997,93,150
1148,4/12/1992,0,0,749,998,93,150
1149,4/14/1992,0,0,749,999,93,150
1150,4/18/1992,1,0,749,999,93,151
1151,4/20/1992,1,0,749,999,93,152
1152,4/22/1992,1,0,749,999,93,153
1153,4/24/1992,1,0,749,999,93,154
1154,4/26/1992,1,2,749,999,95,155
1155,4/28/1992,1,0,749,999,95,156
1156,1/6/1993,0,0,749,1000,95,156
1157,1/8/1993,0,2,751,1001,95,156
1158,1/10/1993,0,0,751,1002,95,156
1159,1/12/1993,0,0,751,1003,95,156
1160,1/14/1993,0,0,751,1004,95,156
1161,1/16/1993,0,0,751,1005,95,156
1162,1/19/1993,0,0,751,1006,95,156
1163,1/21/1993,0,0,751,1007,95,156
1164,1/23/1993,0,0,751,1008,95,156
1165,1/26/1993,0,0,751,1009,95,156
1166,1/28/1993,0,0,751,1010,95,156
1167,1/30/1993,0,0,751,1011,95,156
1168,2/2/1993,0,0,751,1012,95,156
1169,2/3/1993,0,0,751,1013,95,156
1170,2/9/1993,0,0,751,1014,95,156
1171,2/11/1993,0,0,751,1015,95,156
1172,2/13/1993,0,0,751,1016,95,156
1173,2/15/1993,0,0,751,1017,95,156
1174,2/17/1993,0,1,752,1018,95,156
1175,2/18/1993,0,0,752,1019,95,156
1176,2/20/1993,0,0,752,1020,95,156
1177,2/22/1993,0,1,753,1021,95,156
1178,2/25/1993,0,0,753,1022,95,156
1179,2/27/1993,0,0,753,1023,95,156
1180,3/2/1993,0,2,755,1024,95,156
1181,3/4/1993,0,0,755,1025,95,156
1182,3/6/1993,0,1,756,1026,95,156
1183,3/9/1993,0,0,756,1027,95,156
1184,3/11/1993,0,1,757,1028,95,156
1185,3/15/1993,0,1,758,1029,95,156
1186,3/16/1993,0,1,759,1030,95,156
1187,3/18/1993,0,1,760,1031,95,156
1188,3/20/1993,0,0,760,1032,95,156
1189,3/24/1993,0,0,760,1033,95,156
1190,3/26/1993,0,1,761,1034,95,156
1191,3/28/1993,0,0,761,1035,95,156
1192,3/29/1993,0,2,763,1036,95,156
1193,3/31/1993,0,0,763,1037,95,156
1194,4/1/1993,0,0,763,1038,95,156
1195,4/3/1993,0,0,763,1039,95,156
1196,4/6/1993,0,0,763,1040,95,156
1197,4/8/1993,0,0,763,1041,95,156
1198,4/10/1993,0,1,764,1042,95,156
1199,4/13/1993,0,0,764,1043,95,156
1200,4/15/1993,0,1,765,1044,95,156
1201,4/18/1993,1,0,765,1044,95,157
1202,4/21/1993,1,0,765,1044,95,158
1203,4/23/1993,1,0,765,1044,95,159
1204,4/25/1993,1,0,765,1044,95,160
1205,4/27/1993,1,1,765,1044,96,161
1206,4/29/1993,1,1,765,1044,97,162
1207,5/2/1993,1,1,765,1044,98,163
1208,5/5/1993,1,1,765,1044,99,164
1209,5/7/1993,1,2,765,1044,101,165
1210,5/9/1993,1,0,765,1044,101,166
1211,5/11/1993,1,1,765,1044,102,167
1212,5/13/1993,1,1,765,1044,103,168
1213,5/17/1993,1,0,765,1044,103,169
1214,5/19/1993,1,0,765,1044,103,170
1215,5/21/1993,1,0,765,1044,103,171
1216,5/23/1993,1,1,765,1044,104,172
1217,5/25/1993,1,0,765,1044,104,173
1218,5/27/1993,1,1,765,1044,105,174
1219,5/29/1993,1,3,765,1044,108,175
1220,6/1/1993,1,1,765,1044,109,176
1221,6/3/1993,1,0,765,1044,109,177
1222,6/5/1993,1,1,765,1044,110,178
1223,6/7/1993,1,0,765,1044,110,179
1224,6/9/1993,1,0,765,1044,110,180
1225,10/6/1993,0,0,765,1045,110,180
1226,10/9/1993,0,2,767,1046,110,180
1227,10/10/1993,0,0,767,1047,110,180
1228,10/12/1993,0,1,768,1048,110,180
1229,10/14/1993,0,0,768,1049,110,180
1230,10/16/1993,0,1,769,1050,110,180
1231,10/19/1993,0,0,769,1051,110,180
1232,10/20/1993,0,1,770,1052,110,180
1233,10/22/1993,0,1,771,1053,110,180
1234,10/24/1993,0,1,772,1054,110,180
1235,10/26/1993,0,0,772,1055,110,180
1236,10/27/1993,0,0,772,1056,110,180
1237,10/29/1993,0,1,773,1057,110,180
1238,11/3/1993,0,1,774,1058,110,180
1239,11/6/1993,0,0,774,1059,110,180
1240,11/9/1993,0,0,774,1060,110,180
1241,11/10/1993,0,0,774,1061,110,180
1242,11/13/1993,0,0,774,1062,110,180
1243,11/18/1993,0,0,774,1063,110,180
1244,11/20/1993,0,0,774,1064,110,180
1245,11/21/1993,0,0,774,1065,110,180
1246,11/25/1993,0,1,775,1066,110,180
1247,11/27/1993,0,0,775,1067,110,180
1248,11/30/1993,0,2,777,1068,110,180
1249,12/2/1993,0,0,777,1069,110,180
1250,12/4/1993,0,0,777,1070,110,180
1251,12/8/1993,0,0,777,1071,110,180
1252,12/11/1993,0,0,777,1072,110,180
1253,12/13/1993,0,1,778,1073,110,180
1254,12/14/1993,0,0,778,1074,110,180
1255,12/17/1993,0,0,778,1075,110,180
1256,12/18/1993,0,0,778,1076,110,180
1257,12/20/1993,0,2,780,1077,110,180
1258,12/23/1993,0,0,780,1078,110,180
1259,12/26/1993,0,0,780,1079,110,180
1260,12/28/1993,0,1,781,1080,110,180
1261,12/31/1993,0,0,781,1081,110,180
1262,1/1/1994,0,1,782,1082,110,180
1263,1/4/1994,0,0,782,1083,110,180
1264,1/8/1994,0,0,782,1084,110,180
1265,1/11/1994,0,0,782,1085,110,180
1266,1/12/1994,0,2,784,1086,110,180
1267,1/15/1994,0,2,786,1087,110,180
1268,1/16/1994,0,1,787,1088,110,180
1269,1/18/1994,0,0,787,1089,110,180
1270,1/24/1994,0,1,788,1090,110,180
1271,1/25/1994,0,0,788,1091,110,180
1272,1/27/1994,0,1,789,1092,110,180
1273,1/29/1994,0,0,789,1093,110,180
1274,1/31/1994,0,0,789,1094,110,180
1275,2/2/1994,0,1,790,1095,110,180
1276,2/5/1994,0,1,791,1096,110,180
1277,2/9/1994,0,0,791,1097,110,180
1278,2/11/1994,0,2,793,1098,110,180
1279,2/12/1994,0,0,793,1099,110,180
1280,2/14/1994,0,0,793,1100,110,180
1281,2/18/1994,0,0,793,1101,110,180
1282,2/19/1994,0,0,793,1102,110,180
1283,2/21/1994,0,2,795,1103,110,180
1284,2/23/1994,0,0,795,1104,110,180
1285,2/25/1994,0,1,796,1105,110,180
1286,2/26/1994,0,1,797,1106,110,180
1287,2/28/1994,0,0,797,1107,110,180
1288,3/2/1994,0,1,798,1108,110,180
1289,3/3/1994,0,0,798,1109,110,180
1290,3/6/1994,0,0,798,1110,110,180
1291,3/9/1994,0,0,798,1111,110,180
1292,3/12/1994,0,0,798,1112,110,180
1293,3/15/1994,0,1,799,1113,110,180
1294,3/16/1994,0,0,799,1114,110,180
1295,3/19/1994,0,0,799,1115,110,180
1296,3/20/1994,0,2,801,1116,110,180
1297,3/23/1994,0,1,802,1117,110,180
1298,3/25/1994,0,0,802,1118,110,180
1299,3/27/1994,0,0,802,1119,110,180
1300,3/30/1994,0,0,802,1120,110,180
1301,4/2/1994,0,1,803,1121,110,180
1302,4/3/1994,0,0,803,1122,110,180
1303,4/5/1994,0,0,803,1123,110,180
1304,4/7/1994,0,0,803,1124,110,180
1305,4/9/1994,0,0,803,1125,110,180
1306,1/20/1995,0,1,804,1126,110,180
1307,1/22/1995,0,0,804,1127,110,180
1308,1/24/1995,0,0,804,1128,110,180
1309,1/26/1995,0,1,805,1129,110,180
1310,1/28/1995,0,0,805,1130,110,180
1311,1/29/1995,0,0,805,1131,110,180
1312,2/4/1995,0,0,805,1132,110,180
1313,2/5/1995,0,0,805,1133,110,180
1314,2/7/1995,0,0,805,1134,110,180
1315,2/11/1995,0,0,805,1135,110,180
1316,2/12/1995,0,0,805,1136,110,180
1317,2/15/1995,0,0,805,1137,110,180
1318,2/17/1995,0,0,805,1138,110,180
1319,2/18/1995,0,1,806,1139,110,180
1320,2/20/1995,0,0,806,1140,110,180
1321,2/23/1995,0,1,807,1141,110,180
1322,2/25/1995,0,0,807,1142,110,180
1323,2/28/1995,0,0,807,1143,110,180
1324,3/4/1995,0,0,807,1144,110,180
1325,3/6/1995,0,0,807,1145,110,180
1326,3/9/1995,0,0,807,1146,110,180
1327,3/11/1995,0,0,807,1147,110,180
1328,3/13/1995,0,1,808,1148,110,180
1329,3/14/1995,0,0,808,1149,110,180
1330,3/16/1995,0,0,808,1150,110,180
1331,3/18/1995,0,0,808,1151,110,180
1332,3/20/1995,0,2,810,1152,110,180
1333,3/21/1995,0,0,810,1153,110,180
1334,3/25/1995,0,0,810,1154,110,180
1335,3/26/1995,0,0,810,1155,110,180
1336,3/28/1995,0,0,810,1156,110,180
1337,3/29/1995,0,0,810,1157,110,180
1338,4/1/1995,0,2,812,1158,110,180
1339,4/3/1995,0,0,812,1159,110,180
1340,4/6/1995,0,1,813,1160,110,180
1341,4/7/1995,0,0,813,1161,110,180
1342,4/9/1995,0,0,813,1162,110,180
1343,4/12/1995,0,0,813,1163,110,180
1344,4/16/1995,0,0,813,1164,110,180
1345,4/17/1995,0,0,813,1165,110,180
1346,4/19/1995,0,0,813,1166,110,180
1347,4/21/1995,0,0,813,1167,110,180
1348,4/23/1995,0,0,813,1168,110,180
1349,4/25/1995,0,0,813,1169,110,180
1350,4/28/1995,0,0,813,1170,110,180
1351,4/30/1995,0,1,814,1171,110,180
1352,5/2/1995,0,0,814,1172,110,180
1353,5/3/1995,0,0,814,1173,110,180
1354,10/7/1995,0,0,814,1174,110,180
1355,10/10/1995,0,0,814,1175,110,180
1356,10/12/1995,0,1,815,1176,110,180
1357,10/15/1995,0,0,815,1177,110,180
1358,10/18/1995,0,0,815,1178,110,180
1359,10/20/1995,0,0,815,1179,110,180
1360,10/21/1995,0,0,815,1180,110,180
1361,10/23/1995,0,0,815,1181,110,180
1362,10/26/1995,0,0,815,1182,110,180
1363,10/28/1995,0,1,816,1183,110,180
1364,10/31/1995,0,0,816,1184,110,180
1365,11/2/1995,0,1,817,1185,110,180
1366,11/4/1995,0,0,817,1186,110,180
1367,11/7/1995,0,0,817,1187,110,180
1368,11/8/1995,0,0,817,1188,110,180
1369,11/11/1995,0,1,818,1189,110,180
1370,11/13/1995,0,1,819,1190,110,180
1371,11/14/1995,0,1,820,1191,110,180
1372,11/16/1995,0,1,821,1192,110,180
1373,11/18/1995,0,0,821,1193,110,180
1374,11/21/1995,0,0,821,1194,110,180
1375,11/22/1995,0,0,821,1195,110,180
1376,11/24/1995,0,0,821,1196,110,180
1377,11/26/1995,0,0,821,1197,110,180
1378,11/27/1995,0,0,821,1198,110,180
1379,11/30/1995,0,0,821,1199,110,180
1380,12/2/1995,0,0,821,1200,110,180
1381,12/6/1995,0,1,822,1201,110,180
1382,12/9/1995,0,0,822,1202,110,180
1383,12/11/1995,0,0,822,1203,110,180
1384,12/13/1995,0,0,822,1204,110,180
1385,12/16/1995,0,0,822,1205,110,180
1386,12/20/1995,0,1,823,1206,110,180
1387,12/22/1995,0,0,823,1207,110,180
1388,12/23/1995,0,0,823,1208,110,180
1389,12/27/1995,0,0,823,1209,110,180
1390,12/29/1995,0,1,824,1210,110,180
1391,12/31/1995,0,0,824,1211,110,180
1392,1/3/1996,0,1,825,1212,110,180
1393,1/5/1996,0,1,826,1213,110,180
1394,1/6/1996,0,1,827,1214,110,180
1395,1/8/1996,0,0,827,1215,110,180
1396,1/10/1996,0,0,827,1216,110,180
1397,1/12/1996,0,0,827,1217,110,180
1398,1/14/1996,0,0,827,1218,110,180
1399,1/16/1996,0,0,827,1219,110,180
1400,1/22/1996,0,0,827,1220,110,180
1401,1/23/1996,0,0,827,1221,110,180
1402,1/25/1996,0,0,827,1222,110,180
1403,1/27/1996,0,1,828,1223,110,180
1404,1/31/1996,0,0,828,1224,110,180
1405,2/1/1996,0,0,828,1225,110,180
1406,2/3/1996,0,0,828,1226,110,180
1407,2/6/1996,0,0,828,1227,110,180
1408,2/8/1996,0,0,828,1228,110,180
1409,2/10/1996,0,0,828,1229,110,180
1410,2/13/1996,0,0,828,1230,110,180
1411,2/19/1996,0,0,828,1231,110,180
1412,2/21/1996,0,1,829,1232,110,180
1413,2/23/1996,0,0,829,1233,110,180
1414,2/24/1996,0,0,829,1234,110,180
1415,2/26/1996,0,0,829,1235,110,180
1416,2/29/1996,0,1,830,1236,110,180
1417,3/3/1996,0,0,830,1237,110,180
1418,3/5/1996,0,0,830,1238,110,180
1419,3/7/1996,0,0,830,1239,110,180
1420,3/9/1996,0,2,832,1240,110,180
1421,3/12/1996,0,0,832,1241,110,180
1422,3/15/1996,0,1,833,1242,110,180
1423,3/17/1996,0,0,833,1243,110,180
1424,3/18/1996,0,1,834,1244,110,180
1425,3/20/1996,0,0,834,1245,110,180
1426,3/22/1996,0,0,834,1246,110,180
1427,3/24/1996,0,1,835,1247,110,180
1428,3/26/1996,0,0,835,1248,110,180
1429,3/28/1996,0,1,836,1249,110,180
1430,3/31/1996,0,0,836,1250,110,180
1431,4/3/1996,0,1,837,1251,110,180
1432,4/4/1996,0,0,837,1252,110,180
1433,4/14/1996,0,0,837,1253,110,180
1434,4/16/1996,1,0,837,1253,110,181
1435,4/18/1996,1,0,837,1253,110,182
1436,4/21/1996,1,0,837,1253,110,183
1437,4/23/1996,1,0,837,1253,110,184
1438,4/25/1996,1,0,837,1253,110,185
1439,4/27/1996,1,0,837,1253,110,186
1440,5/3/1996,1,0,837,1253,110,187
1441,5/5/1996,1,0,837,1253,110,188
1442,5/8/1996,1,0,837,1253,110,189
1443,5/10/1996,1,1,837,1253,111,190
1444,5/12/1996,1,1,837,1253,112,191
1445,5/14/1996,1,0,837,1253,112,192
1446,5/16/1996,1,0,837,1253,112,193
1447,10/5/1996,0,0,837,1254,112,193
1448,10/6/1996,0,0,837,1255,112,193
1449,10/8/1996,0,0,837,1256,112,193
1450,10/10/1996,0,1,838,1257,112,193
1451,10/12/1996,0,0,838,1258,112,193
1452,10/14/1996,0,1,839,1259,112,193
1453,10/16/1996,0,0,839,1260,112,193
1454,10/18/1996,0,0,839,1261,112,193
1455,10/20/1996,0,1,840,1262,112,193
1456,10/23/1996,0,0,840,1263,112,193
1457,10/25/1996,0,1,841,1264,112,193
1458,10/27/1996,0,1,842,1265,112,193
1459,10/29/1996,0,1,843,1266,112,193
1460,10/30/1996,0,0,843,1267,112,193
1461,11/2/1996,0,1,844,1268,112,193
1462,11/4/1996,0,0,844,1269,112,193
1463,11/6/1996,0,0,844,1270,112,193
1464,11/9/1996,0,0,844,1271,112,193
1465,11/11/1996,0,1,845,1272,112,193
1466,11/13/1996,0,0,845,1273,112,193
1467,11/16/1996,0,1,846,1274,112,193
1468,11/18/1996,0,0,846,1275,112,193
1469,11/21/1996,0,0,846,1276,112,193
1470,11/23/1996,0,0,846,1277,112,193
1471,11/26/1996,0,0,846,1278,112,193
1472,11/27/1996,0,0,846,1279,112,193
1473,12/1/1996,0,1,847,1280,112,193
1474,12/4/1996,0,0,847,1281,112,193
1475,12/6/1996,0,2,849,1282,112,193
1476,12/7/1996,0,1,850,1283,112,193
1477,12/9/1996,0,0,850,1284,112,193
1478,12/11/1996,0,0,850,1285,112,193
1479,12/13/1996,0,0,850,1286,112,193
1480,12/16/1996,0,1,851,1287,112,193
1481,12/18/1996,0,0,851,1288,112,193
1482,12/21/1996,0,0,851,1289,112,193
1483,12/22/1996,0,0,851,1290,112,193
1484,12/26/1996,0,0,851,1291,112,193
1485,12/27/1996,0,0,851,1292,112,193
1486,12/30/1996,0,2,853,1293,112,193
1487,12/31/1996,0,0,853,1294,112,193
1488,1/2/1997,0,0,853,1295,112,193
1489,1/4/1997,0,0,853,1296,112,193
1490,1/6/1997,0,0,853,1297,112,193
1491,1/8/1997,0,0,853,1298,112,193
1492,1/9/1997,0,0,853,1299,112,193
1493,1/12/1997,0,0,853,1300,112,193
1494,1/13/1997,0,0,853,1301,112,193
1495,1/21/1997,0,0,853,1302,112,193
1496,1/22/1997,0,0,853,1303,112,193
1497,1/25/1997,0,0,853,1304,112,193
1498,1/27/1997,0,0,853,1305,112,193
1499,2/1/1997,0,0,853,1306,112,193
1500,2/2/1997,0,0,853,1307,112,193
1501,2/5/1997,0,0,853,1308,112,193
1502,2/8/1997,0,0,853,1309,112,193
1503,2/9/1997,0,0,853,1310,112,193
1504,2/13/1997,0,0,853,1311,112,193
1505,2/15/1997,0,0,853,1312,112,193
1506,2/17/1997,0,0,853,1313,112,193
1507,2/19/1997,0,0,853,1314,112,193
1508,2/21/1997,0,1,854,1315,112,193
1509,2/23/1997,0,0,854,1316,112,193
1510,3/1/1997,0,0,854,1317,112,193
1511,3/3/1997,0,0,854,1318,112,193
1512,3/6/1997,0,1,855,1319,112,193
1513,3/7/1997,0,0,855,1320,112,193
1514,3/9/1997,0,0,855,1321,112,193
1515,3/12/1997,0,1,856,1322,112,193
1516,3/14/1997,0,0,856,1323,112,193
1517,3/17/1997,0,1,857,1324,112,193
1518,3/19/1997,0,1,858,1325,112,193
1519,3/21/1997,0,1,859,1326,112,193
1520,3/24/1997,0,1,860,1327,112,193
1521,3/27/1997,0,0,860,1328,112,193
1522,3/29/1997,0,0,860,1329,112,193
1523,4/1/1997,0,0,860,1330,112,193
1524,4/3/1997,0,1,861,1331,112,193
1525,4/4/1997,0,1,862,1332,112,193
1526,4/7/1997,0,0,862,1333,112,193
1527,4/10/1997,0,0,862,1334,112,193
1528,4/11/1997,0,0,862,1335,112,193
1529,4/17/1997,1,0,862,1335,112,194
1530,4/20/1997,1,1,862,1335,113,195
1531,4/22/1997,1,0,862,1335,113,196
1532,4/23/1997,1,3,862,1335,116,197
1533,4/25/1997,1,0,862,1335,116,198
1534,5/2/1997,1,0,862,1335,116,199
1535,5/4/1997,1,0,862,1335,116,200
1536,5/6/1997,1,1,862,1335,117,201
1537,5/8/1997,1,1,862,1335,118,202
1538,5/11/1997,1,0,862,1335,118,203
1539,5/16/1997,1,0,862,1335,118,204
1540,5/18/1997,1,3,862,1335,121,205
1541,5/20/1997,1,1,862,1335,122,206
1542,5/23/1997,1,0,862,1335,122,207
1543,5/25/1997,1,0,862,1335,122,208
1544,10/3/1997,0,0,862,1336,122,208
1545,10/5/1997,0,0,862,1337,122,208
1546,10/8/1997,0,0,862,1338,122,208
1547,10/9/1997,0,0,862,1339,122,208
1548,10/11/1997,0,3,865,1340,122,208
1549,10/14/1997,0,0,865,1341,122,208
1550,10/15/1997,0,0,865,1342,122,208
1551,10/18/1997,0,0,865,1343,122,208
1552,10/20/1997,0,0,865,1344,122,208
1553,10/22/1997,0,0,865,1345,122,208
1554,10/24/1997,0,1,866,1346,122,208
1555,10/26/1997,0,0,866,1347,122,208
1556,10/28/1997,0,0,866,1348,122,208
1557,10/30/1997,0,0,866,1349,122,208
1558,11/3/1997,0,0,866,1350,122,208
1559,11/5/1997,0,1,867,1351,122,208
1560,11/7/1997,0,1,868,1352,122,208
1561,11/12/1997,0,0,868,1353,122,208
1562,11/14/1997,0,0,868,1354,122,208
1563,11/16/1997,0,0,868,1355,122,208
1564,11/18/1997,0,0,868,1356,122,208
1565,11/19/1997,0,0,868,1357,122,208
1566,11/21/1997,0,1,869,1358,122,208
1567,11/22/1997,0,0,869,1359,122,208
1568,11/25/1997,0,0,869,1360,122,208
1569,11/26/1997,0,0,869,1361,122,208
1570,11/28/1997,0,1,870,1362,122,208
1571,11/30/1997,0,0,870,1363,122,208
1572,12/2/1997,0,1,871,1364,122,208
1573,12/5/1997,0,0,871,1365,122,208
1574,12/6/1997,0,0,871,1366,122,208
1575,12/8/1997,0,0,871,1367,122,208
1576,12/10/1997,0,0,871,1368,122,208
1577,12/12/1997,0,0,871,1369,122,208
1578,12/16/1997,0,0,871,1370,122,208
1579,12/17/1997,0,0,871,1371,122,208
1580,12/20/1997,0,0,871,1372,122,208
1581,12/21/1997,0,0,871,1373,122,208
1582,12/23/1997,0,0,871,1374,122,208
1583,12/26/1997,0,0,871,1375,122,208
1584,12/28/1997,0,1,872,1376,122,208
1585,12/31/1997,0,0,872,1377,122,208
1586,1/3/1998,0,2,874,1378,122,208
1587,1/6/1998,0,0,874,1379,122,208
1588,1/8/1998,0,0,874,1380,122,208
1589,1/12/1998,0,0,874,1381,122,208
1590,1/14/1998,0,0,874,1382,122,208
1591,1/20/1998,0,0,874,1383,122,208
1592,1/22/1998,0,0,874,1384,122,208
1593,1/24/1998,0,1,875,1385,122,208
1594,1/26/1998,0,0,875,1386,122,208
1595,1/29/1998,0,0,875,1387,122,208
1596,1/31/1998,0,0,875,1388,122,208
1597,2/2/1998,0,0,875,1389,122,208
1598,2/4/1998,0,0,875,1390,122,208
1599,2/5/1998,0,0,875,1391,122,208
1600,2/7/1998,0,0,875,1392,122,208
1601,2/26/1998,0,0,875,1393,122,208
1602,2/28/1998,0,0,875,1394,122,208
1603,3/2/1998,0,0,875,1395,122,208
1604,3/4/1998,0,2,877,1396,122,208
1605,3/7/1998,0,1,878,1397,122,208
1606,3/9/1998,0,1,879,1398,122,208
1607,3/11/1998,0,1,880,1399,122,208
1608,3/12/1998,0,0,880,1400,122,208
1609,3/14/1998,0,0,880,1401,122,208
1610,3/16/1998,0,0,880,1402,122,208
1611,3/18/1998,0,0,880,1403,122,208
1612,3/21/1998,0,0,880,1404,122,208
1613,3/22/1998,0,2,882,1405,122,208
1614,3/25/1998,0,0,882,1406,122,208
1615,3/26/1998,0,0,882,1407,122,208
1616,3/28/1998,0,0,882,1408,122,208
1617,3/30/1998,0,0,882,1409,122,208
1618,4/1/1998,0,1,883,1410,122,208
1619,4/4/1998,0,0,883,1411,122,208
1620,4/5/1998,0,0,883,1412,122,208
1621,4/7/1998,0,1,884,1413,122,208
1622,4/11/1998,0,0,884,1414,122,208
1623,4/14/1998,0,0,884,1415,122,208
1624,4/15/1998,0,1,885,1416,122,208
1625,4/18/1998,0,0,885,1417,122,208
1626,10/9/1998,0,0,885,1418,122,208
1627,10/10/1998,0,0,885,1419,122,208
1628,10/12/1998,0,0,885,1420,122,208
1629,10/16/1998,0,0,885,1421,122,208
1630,10/17/1998,0,1,886,1422,122,208
1631,10/20/1998,0,0,886,1423,122,208
1632,10/22/1998,0,0,886,1424,122,208
1633,10/24/1998,0,0,886,1425,122,208
1634,10/27/1998,0,0,886,1426,122,208
1635,10/30/1998,0,0,886,1427,122,208
1636,11/3/1998,0,0,886,1428,122,208
1637,11/4/1998,0,0,886,1429,122,208
1638,11/7/1998,0,1,887,1430,122,208
1639,11/10/1998,0,0,887,1431,122,208
1640,11/11/1998,0,0,887,1432,122,208
1641,11/13/1998,0,0,887,1433,122,208
1642,11/18/1998,0,0,887,1434,122,208
1643,11/19/1998,0,0,887,1435,122,208
1644,11/21/1998,0,0,887,1436,122,208
1645,11/25/1998,0,0,887,1437,122,208
1646,11/27/1998,0,0,887,1438,122,208
1647,11/29/1998,0,1,888,1439,122,208
1648,12/1/1998,0,1,889,1440,122,208
1649,12/2/1998,0,1,890,1441,122,208
1650,12/5/1998,0,0,890,1442,122,208
1651,12/7/1998,0,0,890,1443,122,208
1652,12/9/1998,0,0,890,1444,122,208
1653,12/11/1998,0,0,890,1445,122,208
1654,12/14/1998,0,0,890,1446,122,208
1655,12/16/1998,0,1,891,1447,122,208
1656,12/19/1998,0,0,891,1448,122,208
1657,12/23/1998,0,0,891,1449,122,208
1658,12/26/1998,0,0,891,1450,122,208
1659,12/30/1998,0,0,891,1451,122,208
1660,12/31/1998,0,0,891,1452,122,208
1661,1/2/1999,0,0,891,1453,122,208
1662,1/4/1999,0,0,891,1454,122,208
1663,1/6/1999,0,0,891,1455,122,208
1664,1/7/1999,0,0,891,1456,122,208
1665,1/10/1999,0,1,892,1457,122,208
1666,1/13/1999,0,0,892,1458,122,208
1667,1/15/1999,0,0,892,1459,122,208
1668,1/16/1999,0,0,892,1460,122,208
1669,1/19/1999,0,0,892,1461,122,208
1670,1/21/1999,0,0,892,1462,122,208
1671,1/26/1999,0,0,892,1463,122,208
1672,1/28/1999,0,0,892,1464,122,208
1673,1/30/1999,0,0,892,1465,122,208
1674,2/1/1999,0,0,892,1466,122,208
1675,2/4/1999,0,1,893,1467,122,208
1676,2/7/1999,0,0,893,1468,122,208
1677,2/12/1999,0,0,893,1469,122,208
1678,2/14/1999,0,0,893,1470,122,208
1679,2/15/1999,0,0,893,1471,122,208
1680,2/17/1999,0,0,893,1472,122,208
1681,2/19/1999,0,0,893,1473,122,208
1682,2/21/1999,0,0,893,1474,122,208
1683,2/22/1999,0,0,893,1475,122,208
1684,3/22/1999,0,0,893,1476,122,208
1685,3/24/1999,0,0,893,1477,122,208
1686,3/27/1999,0,0,893,1478,122,208
1687,3/29/1999,0,1,894,1479,122,208
1688,4/2/1999,0,0,894,1480,122,208
1689,4/4/1999,0,0,894,1481,122,208
1690,4/5/1999,0,0,894,1482,122,208
1691,4/8/1999,0,0,894,1483,122,208
1692,4/9/1999,0,0,894,1484,122,208
1693,4/12/1999,0,0,894,1485,122,208
1694,4/15/1999,0,0,894,1486,122,208
1695,4/18/1999,0,0,894,1487,122,208