,Date,game_goals,is_playoff,reg_goals,playoff_goals,reg_games_played,playoff_games_played,reg_goals_total,playoff_goals_total,total_goals,reg_games_total,playoff_games_total
0,2005-10-05,2,False,2,0,1,0,2,0,2,1,0
1,2005-10-07,0,False,0,0,1,0,2,0,2,2,0
2,2005-10-08,0,False,0,0,1,0,2,0,2,3,0
3,2005-10-10,1,False,1,0,1,0,3,0,3,4,0
4,2005-10-12,1,False,1,0,1,0,4,0,4,5,0
5,2005-10-13,0,False,0,0,1,0,4,0,4,6,0
6,2005-10-16,0,False,0,0,1,0,4,0,4,7,0
7,2005-10-20,2,False,2,0,1,0,6,0,6,8,0
8,2005-10-22,0,False,0,0,1,0,6,0,6,9,0
9,2005-10-26,0,False,0,0,1,0,6,0,6,10,0
10,2005-10-28,2,False,2,0,1,0,8,0,8,11,0
11,2005-11-03,0,False,0,0,1,0,8,0,8,12,0
12,2005-11-04,0,False,0,0,1,0,8,0,8,13,0
13,2005-11-06,2,False,2,0,1,0,10,0,10,14,0
14,2005-11-08,2,False,2,0,1,0,12,0,12,15,0
15,2005-11-11,1,False,1,0,1,0,13,0,13,16,0
16,2005-11-12,0,False,0,0,1,0,13,0,13,17,0
17,2005-11-15,1,False,1,0,1,0,14,0,14,18,0
18,2005-11-17,1,False,1,0,1,0,15,0,15,19,0
19,2005-11-19,0,False,0,0,1,0,15,0,15,20,0
20,2005-11-22,0,False,0,0,1,0,15,0,15,21,0
21,2005-11-23,0,False,0,0,1,0,15,0,15,22,0
22,2005-11-26,0,False,0,0,1,0,15,0,15,23,0
23,2005-11-27,0,False,0,0,1,0,15,0,15,24,0
24,2005-12-01,0,False,0,0,1,0,15,0,15,25,0
25,2005-12-03,1,False,1,0,1,0,16,0,16,26,0
26,2005-12-07,1,False,1,0,1,0,17,0,17,27,0
27,2005-12-09,1,False,1,0,1,0,18,0,18,28,0
28,2005-12-14,0,False,0,0,1,0,18,0,18,29,0
29,2005-12-16,0,False,0,0,1,0,18,0,18,30,0
30,2005-12-18,0,False,0,0,1,0,18,0,18,31,0
31,2005-12-22,1,False,1,0,1,0,19,0,19,32,0
32,2005-12-23,1,False,1,0,1,0,20,0,20,33,0
33,2005-12-27,1,False,1,0,1,0,21,0,21,34,0
34,2005-12-28,1,False,1,0,1,0,22,0,22,35,0
35,2005-12-31,1,False,1,0,1,0,23,0,23,36,0
36,2006-01-01,1,False,1,0,1,0,24,0,24,37,0
37,2006-01-04,0,False,0,0,1,0,24,0,24,38,0
38,2006-01-06,1,False,1,0,1,0,25,0,25,39,0
39,2006-01-08,0,False,0,0,1,0,25,0,25,40,0
40,2006-01-10,1,False,1,0,1,0,26,0,26,41,0
41,2006-01-12,1,False,1,0,1,0,27,0,27,42,0
42,2006-01-13,3,False,3,0,1,0,30,0,30,43,0
43,2006-01-16,2,False,2,0,1,0,32,0,32,44,0
44,2006-01-19,1,False,1,0,1,0,33,0,33,45,0
45,2006-01-21,0,False,0,0,1,0,33,0,33,46,0
46,2006-01-23,0,False,0,0,1,0,33,0,33,47,0
47,2006-01-25,1,False,1,0,1,0,34,0,34,48,0
48,2006-01-26,0,False,0,0,1,0,34,0,34,49,0
49,2006-01-29,0,False,0,0,1,0,34,0,34,50,0
50,2006-02-03,0,False,0,0,1,0,34,0,34,51,0
51,2006-02-04,0,False,0,0,1,0,34,0,34,52,0
52,2006-02-07,0,False,0,0,1,0,34,0,34,53,0
53,2006-02-10,1,False,1,0,1,0,35,0,35,54,0
54,2006-02-11,1,False,1,0,1,0,36,0,36,55,0
55,2006-02-28,1,False,1,0,1,0,37,0,37,56,0
56,2006-03-02,1,False,1,0,1,0,38,0,38,57,0
57,2006-03-04,1,False,1,0,1,0,39,0,39,58,0
58,2006-03-06,2,False,2,0,1,0,41,0,41,59,0
59,2006-03-08,1,False,1,0,1,0,42,0,42,60,0
60,2006-03-10,0,False,0,0,1,0,42,0,42,61,0
61,2006-03-12,0,False,0,0,1,0,42,0,42,62,0
62,2006-03-14,1,False,1,0,1,0,43,0,43,63,0
63,2006-03-16,0,False,0,0,1,0,43,0,43,64,0
64,2006-03-18,0,False,0,0,1,0,43,0,43,65,0
65,2006-03-20,1,False,1,0,1,0,44,0,44,66,0
66,2006-03-22,0,False,0,0,1,0,44,0,44,67,0
67,2006-03-23,2,False,2,0,1,0,46,0,46,68,0
68,2006-03-25,1,False,1,0,1,0,47,0,47,69,0
69,2006-03-29,1,False,1,0,1,0,48,0,48,70,0
70,2006-03-30,0,False,0,0,1,0,48,0,48,71,0
71,2006-04-01,0,False,0,0,1,0,48,0,48,72,0
72,2006-04-03,0,False,0,0,1,0,48,0,48,73,0
73,2006-04-05,0,False,0,0,1,0,48,0,48,74,0
74,2006-04-07,0,False,0,0,1,0,48,0,48,75,0
75,2006-04-08,0,False,0,0,1,0,48,0,48,76,0
76,2006-04-10,1,False,1,0,1,0,49,0,49,77,0
77,2006-04-13,1,False,1,0,1,0,50,0,50,78,0
78,2006-04-15,1,False,1,0,1,0,51,0,51,79,0
79,2006-04-17,1,False,1,0,1,0,52,0,52,80,0
80,2006-04-18,0,False,0,0,1,0,52,0,52,81,0
81,2006-10-05,0,False,0,0,1,0,52,0,52,82,0
82,2006-10-07,2,False,2,0,1,0,54,0,54,83,0
83,2006-10-12,0,False,0,0,1,0,54,0,54,84,0
84,2006-10-14,0,False,0,0,1,0,54,0,54,85,0
85,2006-10-18,0,False,0,0,1,0,54,0,54,86,0
86,2006-10-19,1,False,1,0,1,0,55,0,55,87,0
87,2006-10-21,1,False,1,0,1,0,56,0,56,88,0
88,2006-10-25,1,False,1,0,1,0,57,0,57,89,0
89,2006-10-27,1,False,1,0,1,0,58,0,58,90,0
90,2006-10-28,0,False,0,0,1,0,58,0,58,91,0
91,2006-10-30,0,False,0,0,1,0,58,0,58,92,0
92,2006-11-03,0,False,0,0,1,0,58,0,58,93,0
93,2006-11-04,2,False,2,0,1,0,60,0,60,94,0
94,2006-11-06,2,False,2,0,1,0,62,0,62,95,0
95,2006-11-09,0,False,0,0,1,0,62,0,62,96,0
96,2006-11-11,1,False,1,0,1,0,63,0,63,97,0
97,2006-11-13,1,False,1,0,1,0,64,0,64,98,0
98,2006-11-15,0,False,0,0,1,0,64,0,64,99,0
99,2006-11-17,0,False,0,0,1,0,64,0,64,100,0
100,2006-11-18,1,False,1,0,1,0,65,0,65,101,0
101,2006-11-22,0,False,0,0,1,0,65,0,65,102,0
102,2006-11-24,1,False,1,0,1,0,66,0,66,103,0
103,2006-11-25,1,False,1,0,1,0,67,0,67,104,0
104,2006-11-28,1,False,1,0,1,0,68,0,68,105,0
105,2006-11-30,0,False,0,0,1,0,68,0,68,106,0
106,2006-12-02,1,False,1,0,1,0,69,0,69,107,0
107,2006-12-06,0,False,0,0,1,0,69,0,69,108,0
108,2006-12-08,0,False,0,0,1,0,69,0,69,109,0
109,2006-12-09,1,False,1,0,1,0,70,0,70,110,0
110,2006-12-11,0,False,0,0,1,0,70,0,70,111,0
111,2006-12-15,3,False,3,0,1,0,73,0,73,112,0
112,2006-12-16,1,False,1,0,1,0,74,0,74,113,0
113,2006-12-19,1,False,1,0,1,0,75,0,75,114,0
114,2006-12-22,0,False,0,0,1,0,75,0,75,115,0
115,2006-12-23,1,False,1,0,1,0,76,0,76,116,0
116,2006-12-26,1,False,1,0,1,0,77,0,77,117,0
117,2006-12-27,0,False,0,0,1,0,77,0,77,118,0
118,2006-12-29,0,False,0,0,1,0,77,0,77,119,0
119,2006-12-30,0,False,0,0,1,0,77,0,77,120,0
120,2007-01-01,0,False,0,0,1,0,77,0,77,121,0
121,2007-01-04,0,False,0,0,1,0,77,0,77,122,0
122,2007-01-06,1,False,1,0,1,0,78,0,78,123,0
123,2007-01-09,2,False,2,0,1,0,80,0,80,124,0
124,2007-01-11,0,False,0,0,1,0,80,0,80,125,0
125,2007-01-13,0,False,0,0,1,0,80,0,80,126,0
126,2007-01-16,0,False,0,0,1,0,80,0,80,127,0
127,2007-01-18,1,False,1,0,1,0,81,0,81,128,0
128,2007-01-20,0,False,0,0,1,0,81,0,81,129,0
129,2007-01-26,1,False,1,0,1,0,82,0,82,130,0
130,2007-01-27,1,False,1,0,1,0,83,0,83,131,0
131,2007-01-30,1,False,1,0,1,0,84,0,84,132,0
132,2007-02-01,1,False,1,0,1,0,85,0,85,133,0
133,2007-02-03,0,False,0,0,1,0,85,0,85,134,0
134,2007-02-04,0,False,0,0,1,0,85,0,85,135,0
135,2007-02-06,0,False,0,0,1,0,85,0,85,136,0
136,2007-02-08,0,False,0,0,1,0,85,0,85,137,0
137,2007-02-10,1,False,1,0,1,0,86,0,86,138,0
138,2007-02-15,0,False,0,0,1,0,86,0,86,139,0
139,2007-02-18,0,False,0,0,1,0,86,0,86,140,0
140,2007-02-20,0,False,0,0,1,0,86,0,86,141,0
141,2007-02-21,0,False,0,0,1,0,86,0,86,142,0
142,2007-02-24,0,False,0,0,1,0,86,0,86,143,0
143,2007-02-25,1,False,1,0,1,0,87,0,87,144,0
144,2007-02-27,2,False,2,0,1,0,89,0,89,145,0
145,2007-03-01,1,False,1,0,1,0,90,0,90,146,0
146,2007-03-03,0,False,0,0,1,0,90,0,90,147,0
147,2007-03-06,0,False,0,0,1,0,90,0,90,148,0
148,2007-03-09,0,False,0,0,1,0,90,0,90,149,0
149,2007-03-10,1,False,1,0,1,0,91,0,91,150,0
150,2007-03-12,2,False,2,0,1,0,93,0,93,151,0
151,2007-03-15,0,False,0,0,1,0,93,0,93,152,0
152,2007-03-16,0,False,0,0,1,0,93,0,93,153,0
153,2007-03-18,0,False,0,0,1,0,93,0,93,154,0
154,2007-03-21,0,False,0,0,1,0,93,0,93,155,0
155,2007-03-22,2,False,2,0,1,0,95,0,95,156,0
156,2007-03-24,0,False,0,0,1,0,95,0,95,157,0
157,2007-03-27,0,False,0,0,1,0,95,0,95,158,0
158,2007-03-30,0,False,0,0,1,0,95,0,95,159,0
159,2007-03-31,0,False,0,0,1,0,95,0,95,160,0
160,2007-04-03,1,False,1,0,1,0,96,0,96,161,0
161,2007-04-04,2,False,2,0,1,0,98,0,98,162,0
162,2007-04-07,0,False,0,0,1,0,98,0,98,163,0
163,2007-10-05,0,False,0,0,1,0,98,0,98,164,0
164,2007-10-06,1,False,1,0,1,0,99,0,99,165,0
165,2007-10-08,0,False,0,0,1,0,99,0,99,166,0
166,2007-10-12,1,False,1,0,1,0,100,0,100,167,0
167,2007-10-13,1,False,1,0,1,0,101,0,101,168,0
168,2007-10-18,1,False,1,0,1,0,102,0,102,169,0
169,2007-10-20,0,False,0,0,1,0,102,0,102,170,0
170,2007-10-24,1,False,1,0,1,0,103,0,103,171,0
171,2007-10-26,1,False,1,0,1,0,104,0,104,172,0
172,2007-10-27,0,False,0,0,1,0,104,0,104,173,0
173,2007-10-29,2,False,2,0,1,0,106,0,106,174,0
174,2007-11-01,0,False,0,0,1,0,106,0,106,175,0
175,2007-11-02,1,False,1,0,1,0,107,0,107,176,0
176,2007-11-05,0,False,0,0,1,0,107,0,107,177,0
177,2007-11-06,0,False,0,0,1,0,107,0,107,178,0
178,2007-11-08,1,False,1,0,1,0,108,0,108,179,0
179,2007-11-10,1,False,1,0,1,0,109,0,109,180,0
180,2007-11-15,1,False,1,0,1,0,110,0,110,181,0
181,2007-11-16,1,False,1,0,1,0,111,0,111,182,0
182,2007-11-19,0,False,0,0,1,0,111,0,111,183,0
183,2007-11-21,1,False,1,0,1,0,112,0,112,184,0
184,2007-11-23,0,False,0,0,1,0,112,0,112,185,0
185,2007-11-24,2,False,2,0,1,0,114,0,114,186,0
186,2007-11-26,1,False,1,0,1,0,115,0,115,187,0
187,2007-11-28,0,False,0,0,1,0,115,0,115,188,0
188,2007-11-30,2,False,2,0,1,0,117,0,117,189,0
189,2007-12-01,1,False,1,0,1,0,118,0,118,190,0
190,2007-12-07,0,False,0,0,1,0,118,0,118,191,0
191,2007-12-08,1,False,1,0,1,0,119,0,119,192,0
192,2007-12-10,0,False,0,0,1,0,119,0,119,193,0
193,2007-12-12,1,False,1,0,1,0,120,0,120,194,0
194,2007-12-14,1,False,1,0,1,0,121,0,121,195,0
195,2007-12-15,0,False,0,0,1,0,121,0,121,196,0
196,2007-12-17,1,False,1,0,1,0,122,0,122,197,0
197,2007-12-20,0,False,0,0,1,0,122,0,122,198,0
198,2007-12-22,1,False,1,0,1,0,123,0,123,199,0
199,2007-12-26,0,False,0,0,1,0,123,0,123,200,0
200,2007-12-27,1,False,1,0,1,0,124,0,124,201,0
201,2007-12-29,4,False,4,0,1,0,128,0,128,202,0
202,2008-01-01,0,False,0,0,1,0,128,0,128,203,0
203,2008-01-03,0,False,0,0,1,0,128,0,128,204,0
204,2008-01-05,2,False,2,0,1,0,130,0,130,205,0
205,2008-01-09,0,False,0,0,1,0,130,0,130,206,0
206,2008-01-13,1,False,1,0,1,0,131,0,131,207,0
207,2008-01-15,1,False,1,0,1,0,132,0,132,208,0
208,2008-01-17,1,False,1,0,1,0,133,0,133,209,0
209,2008-01-19,1,False,1,0,1,0,134,0,134,210,0
210,2008-01-21,2,False,2,0,1,0,136,0,136,211,0
211,2008-01-23,1,False,1,0,1,0,137,0,137,212,0
212,2008-01-24,0,False,0,0,1,0,137,0,137,213,0
213,2008-01-29,0,False,0,0,1,0,137,0,137,214,0
214,2008-01-31,4,False,4,0,1,0,141,0,141,215,0
215,2008-02-02,0,False,0,0,1,0,141,0,141,216,0
216,2008-02-05,2,False,2,0,1,0,143,0,143,217,0
217,2008-02-06,1,False,1,0,1,0,144,0,144,218,0
218,2008-02-08,0,False,0,0,1,0,144,0,144,219,0
219,2008-02-10,1,False,1,0,1,0,145,0,145,220,0
220,2008-02-13,1,False,1,0,1,0,146,0,146,221,0
221,2008-02-15,0,False,0,0,1,0,146,0,146,222,0
222,2008-02-16,0,False,0,0,1,0,146,0,146,223,0
223,2008-02-20,0,False,0,0,1,0,146,0,146,224,0
224,2008-02-23,0,False,0,0,1,0,146,0,146,225,0
225,2008-02-24,0,False,0,0,1,0,146,0,146,226,0
226,2008-02-26,0,False,0,0,1,0,146,0,146,227,0
227,2008-02-29,0,False,0,0,1,0,146,0,146,228,0
228,2008-03-01,1,False,1,0,1,0,147,0,147,229,0
229,2008-03-03,3,False,3,0,1,0,150,0,150,230,0
230,2008-03-05,2,False,2,0,1,0,152,0,152,231,0
231,2008-03-08,0,False,0,0,1,0,152,0,152,232,0
232,2008-03-09,0,False,0,0,1,0,152,0,152,233,0
233,2008-03-12,2,False,2,0,1,0,154,0,154,234,0
234,2008-03-14,1,False,1,0,1,0,155,0,155,235,0
235,2008-03-16,0,False,0,0,1,0,155,0,155,236,0
236,2008-03-18,1,False,1,0,1,0,156,0,156,237,0
237,2008-03-19,0,False,0,0,1,0,156,0,156,238,0
238,2008-03-21,2,False,2,0,1,0,158,0,158,239,0
239,2008-03-25,1,False,1,0,1,0,159,0,159,240,0
240,2008-03-27,0,False,0,0,1,0,159,0,159,241,0
241,2008-03-29,1,False,1,0,1,0,160,0,160,242,0
242,2008-04-01,1,False,1,0,1,0,161,0,161,243,0
243,2008-04-03,2,False,2,0,1,0,163,0,163,244,0
244,2008-04-05,0,False,0,0,1,0,163,0,163,245,0
245,2008-04-11,1,True,0,1,0,1,163,1,164,245,1
246,2008-04-13,0,True,0,0,0,1,163,1,164,245,2
247,2008-04-15,0,True,0,0,0,1,163,1,164,245,3
248,2008-04-17,0,True,0,0,0,1,163,1,164,245,4
249,2008-04-19,0,True,0,0,0,1,163,1,164,245,5
250,2008-04-21,2,True,0,2,0,1,163,3,166,245,6
251,2008-04-22,1,True,0,1,0,1,163,4,167,245,7
252,2008-10-10,0,False,0,0,1,0,163,4,167,246,7
253,2008-10-11,2,False,2,0,1,0,165,4,169,247,7
254,2008-10-13,0,False,0,0,1,0,165,4,169,248,7
255,2008-10-16,0,False,0,0,1,0,165,4,169,249,7
256,2008-10-18,0,False,0,0,1,0,165,4,169,250,7
257,2008-10-21,0,False,0,0,1,0,165,4,169,251,7
258,2008-10-23,0,False,0,0,1,0,165,4,169,252,7
259,2008-10-25,0,False,0,0,1,0,165,4,169,253,7
260,2008-11-04,0,False,0,0,1,0,165,4,169,254,7
261,2008-11-06,0,False,0,0,1,0,165,4,169,255,7
262,2008-11-08,0,False,0,0,1,0,165,4,169,256,7
263,2008-11-10,1,False,1,0,1,0,166,4,170,257,7
264,2008-11-12,1,False,1,0,1,0,167,4,171,258,7
265,2008-11-14,1,False,1,0,1,0,168,4,172,259,7
266,2008-11-15,2,False,2,0,1,0,170,4,174,260,7
267,2008-11-19,1,False,1,0,1,0,171,4,175,261,7
268,2008-11-20,0,False,0,0,1,0,171,4,175,262,7
269,2008-11-22,0,False,0,0,1,0,171,4,175,263,7
270,2008-11-24,1,False,1,0,1,0,172,4,176,264,7
271,2008-11-26,3,False,3,0,1,0,175,4,179,265,7
272,2008-11-28,1,False,1,0,1,0,176,4,180,266,7
273,2008-11-29,0,False,0,0,1,0,176,4,180,267,7
274,2008-12-02,0,False,0,0,1,0,176,4,180,268,7
275,2008-12-04,1,False,1,0,1,0,177,4,181,269,7
276,2008-12-06,0,False,0,0,1,0,177,4,181,270,7
277,2008-12-07,0,False,0,0,1,0,177,4,181,271,7
278,2008-12-10,1,False,1,0,1,0,178,4,182,272,7
279,2008-12-12,2,False,2,0,1,0,180,4,184,273,7
280,2008-12-13,0,False,0,0,1,0,180,4,184,274,7
281,2008-12-16,2,False,2,0,1,0,182,4,186,275,7
282,2008-12-18,1,False,1,0,1,0,183,4,187,276,7
283,2008-12-20,0,False,0,0,1,0,183,4,187,277,7
284,2008-12-23,2,False,2,0,1,0,185,4,189,278,7
285,2008-12-26,1,False,1,0,1,0,186,4,190,279,7
286,2008-12-28,2,False,2,0,1,0,188,4,192,280,7
287,2008-12-30,0,False,0,0,1,0,188,4,192,281,7
288,2009-01-01,1,False,1,0,1,0,189,4,193,282,7
289,2009-01-03,1,False,1,0,1,0,190,4,194,283,7
290,2009-01-06,0,False,0,0,1,0,190,4,194,284,7
291,2009-01-09,0,False,0,0,1,0,190,4,194,285,7
292,2009-01-10,0,False,0,0,1,0,190,4,194,286,7
293,2009-01-13,0,False,0,0,1,0,190,4,194,287,7
294,2009-01-14,2,False,2,0,1,0,192,4,196,288,7
295,2009-01-17,0,False,0,0,1,0,192,4,196,289,7
296,2009-01-19,2,False,2,0,1,0,194,4,198,290,7
297,2009-01-20,0,False,0,0,1,0,194,4,198,291,7
298,2009-01-27,0,False,0,0,1,0,194,4,198,292,7
299,2009-01-31,2,False,2,0,1,0,196,4,200,293,7
300,2009-02-01,3,False,3,0,1,0,199,4,203,294,7
301,2009-02-03,0,False,0,0,1,0,199,4,203,295,7
302,2009-02-05,1,False,1,0,1,0,200,4,204,296,7
303,2009-02-07,0,False,0,0,1,0,200,4,204,297,7
304,2009-02-11,0,False,0,0,1,0,200,4,204,298,7
305,2009-02-14,1,False,1,0,1,0,201,4,205,299,7
306,2009-02-15,3,False,3,0,1,0,204,4,208,300,7
307,2009-02-18,1,False,1,0,1,0,205,4,209,301,7
308,2009-02-20,0,False,0,0,1,0,205,4,209,302,7
309,2009-02-22,1,False,1,0,1,0,206,4,210,303,7
310,2009-02-24,1,False,1,0,1,0,207,4,211,304,7
311,2009-02-26,0,False,0,0,1,0,207,4,211,305,7
312,2009-02-28,1,False,1,0,1,0,208,4,212,306,7
313,2009-03-01,1,False,1,0,1,0,209,4,213,307,7
314,2009-03-03,0,False,0,0,1,0,209,4,213,308,7
315,2009-03-08,1,False,1,0,1,0,210,4,214,309,7
316,2009-03-10,0,False,0,0,1,0,210,4,214,310,7
317,2009-03-12,1,False,1,0,1,0,211,4,215,311,7
318,2009-03-14,1,False,1,0,1,0,212,4,216,312,7
319,2009-03-16,0,False,0,0,1,0,212,4,216,313,7
320,2009-03-17,0,False,0,0,1,0,212,4,216,314,7
321,2009-03-19,1,False,1,0,1,0,213,4,217,315,7
322,2009-03-21,0,False,0,0,1,0,213,4,217,316,7
323,2009-03-24,1,False,1,0,1,0,214,4,218,317,7
324,2009-03-27,2,False,2,0,1,0,216,4,220,318,7
325,2009-04-01,1,False,1,0,1,0,217,4,221,319,7
326,2009-04-03,1,False,1,0,1,0,218,4,222,320,7
327,2009-04-05,0,False,0,0,1,0,218,4,222,321,7
328,2009-04-07,0,False,0,0,1,0,218,4,222,322,7
329,2009-04-09,0,False,0,0,1,0,218,4,222,323,7
330,2009-04-11,1,False,1,0,1,0,219,4,223,324,7
331,2009-04-15,0,True,0,0,0,1,219,4,223,324,8
332,2009-04-18,0,True,0,0,0,1,219,4,223,324,9
333,2009-04-20,0,True,0,0,0,1,219,4,223,324,10
334,2009-04-22,1,True,0,1,0,1,219,5,224,324,11
335,2009-04-24,1,True,0,1,0,1,219,6,225,324,12
336,2009-04-26,1,True,0,1,0,1,219,7,226,324,13
337,2009-04-28,0,True,0,0,0,1,219,7,226,324,14
338,2009-05-02,1,True,0,1,0,1,219,8,227,324,15
339,2009-05-04,3,True,0,3,0,1,219,11,230,324,16
340,2009-05-06,1,True,0,1,0,1,219,12,231,324,17
341,2009-05-08,0,True,0,0,0,1,219,12,231,324,18
342,2009-05-09,2,True,0,2,0,1,219,14,233,324,19
343,2009-05-11,0,True,0,0,0,1,219,14,233,324,20
344,2009-05-13,1,True,0,1,0,1,219,15,234,324,21
345,2009-10-01,2,False,2,0,1,0,221,15,236,325,21
346,2009-10-03,1,False,1,0,1,0,222,15,237,326,21
347,2009-10-06,2,False,2,0,1,0,224,15,239,327,21
348,2009-10-08,0,False,0,0,1,0,224,15,239,328,21
349,2009-10-10,0,False,0,0,1,0,224,15,239,329,21
350,2009-10-12,0,False,0,0,1,0,224,15,239,330,21
351,2009-10-15,2,False,2,0,1,0,226,15,241,331,21
352,2009-10-17,2,False,2,0,1,0,228,15,243,332,21
353,2009-10-22,0,False,0,0,1,0,228,15,243,333,21
354,2009-10-24,0,False,0,0,1,0,228,15,243,334,21
355,2009-10-27,2,False,2,0,1,0,230,15,245,335,21
356,2009-10-29,2,False,2,0,1,0,232,15,247,336,21
357,2009-10-30,1,False,1,0,1,0,233,15,248,337,21
358,2009-11-01,0,False,0,0,1,0,233,15,248,338,21
359,2009-11-17,1,False,1,0,1,0,234,15,249,339,21
360,2009-11-20,0,False,0,0,1,0,234,15,249,340,21
361,2009-11-21,1,False,1,0,1,0,235,15,250,341,21
362,2009-11-23,0,False,0,0,1,0,235,15,250,342,21
363,2009-11-25,1,False,1,0,1,0,236,15,251,343,21
364,2009-11-28,1,False,1,0,1,0,237,15,252,344,21
365,2009-11-30,0,False,0,0,1,0,237,15,252,345,21
366,2009-12-07,2,False,2,0,1,0,239,15,254,346,21
367,2009-12-09,0,False,0,0,1,0,239,15,254,347,21
368,2009-12-11,0,False,0,0,1,0,239,15,254,348,21
369,2009-12-12,1,False,1,0,1,0,240,15,255,349,21
370,2009-12-15,0,False,0,0,1,0,240,15,255,350,21
371,2009-12-18,0,False,0,0,1,0,240,15,255,351,21
372,2009-12-19,2,False,2,0,1,0,242,15,257,352,21
373,2009-12-23,1,False,1,0,1,0,243,15,258,353,21
374,2009-12-26,1,False,1,0,1,0,244,15,259,354,21
375,2009-12-28,0,False,0,0,1,0,244,15,259,355,21
376,2009-12-30,1,False,1,0,1,0,245,15,260,356,21
377,2010-01-02,0,False,0,0,1,0,245,15,260,357,21
378,2010-01-05,0,False,0,0,1,0,245,15,260,358,21
379,2010-01-07,1,False,1,0,1,0,246,15,261,359,21
380,2010-01-09,0,False,0,0,1,0,246,15,261,360,21
381,2010-01-12,0,False,0,0,1,0,246,15,261,361,21
382,2010-01-13,1,False,1,0,1,0,247,15,262,362,21
383,2010-01-15,1,False,1,0,1,0,248,15,263,363,21
384,2010-01-17,1,False,1,0,1,0,249,15,264,364,21
385,2010-01-19,0,False,0,0,1,0,249,15,264,365,21
386,2010-01-21,2,False,2,0,1,0,251,15,266,366,21
387,2010-01-23,1,False,1,0,1,0,252,15,267,367,21
388,2010-01-26,0,False,0,0,1,0,252,15,267,368,21
389,2010-01-27,1,False,1,0,1,0,253,15,268,369,21
390,2010-01-29,0,False,0,0,1,0,253,15,268,370,21
391,2010-01-31,1,False,1,0,1,0,254,15,269,371,21
392,2010-02-02,1,False,1,0,1,0,255,15,270,372,21
393,2010-02-04,2,False,2,0,1,0,257,15,272,373,21
394,2010-02-05,1,False,1,0,1,0,258,15,273,374,21
395,2010-02-07,3,False,3,0,1,0,261,15,276,375,21
396,2010-02-10,0,False,0,0,1,0,261,15,276,376,21
397,2010-02-11,0,False,0,0,1,0,261,15,276,377,21
398,2010-02-13,0,False,0,0,1,0,261,15,276,378,21
399,2010-03-03,0,False,0,0,1,0,261,15,276,379,21
400,2010-03-04,0,False,0,0,1,0,261,15,276,380,21
401,2010-03-06,0,False,0,0,1,0,261,15,276,381,21
402,2010-03-08,2,False,2,0,1,0,263,15,278,382,21
403,2010-03-10,0,False,0,0,1,0,263,15,278,383,21
404,2010-03-12,0,False,0,0,1,0,263,15,278,384,21
405,2010-03-14,0,False,0,0,1,0,263,15,278,385,21
406,2010-03-20,1,False,1,0,1,0,264,15,279,386,21
407,2010-03-24,0,False,0,0,1,0,264,15,279,387,21
408,2010-03-25,0,False,0,0,1,0,264,15,279,388,21
409,2010-03-28,1,False,1,0,1,0,265,15,280,389,21
410,2010-03-30,0,False,0,0,1,0,265,15,280,390,21
411,2010-04-01,0,False,0,0,1,0,265,15,280,391,21
412,2010-04-03,0,False,0,0,1,0,265,15,280,392,21
413,2010-04-05,0,False,0,0,1,0,265,15,280,393,21
414,2010-04-06,2,False,2,0,1,0,267,15,282,394,21
415,2010-04-09,2,False,2,0,1,0,269,15,284,395,21
416,2010-04-11,0,False,0,0,1,0,269,15,284,396,21
417,2010-04-15,0,True,0,0,0,1,269,15,284,396,22
418,2010-04-17,1,True,0,1,0,1,269,16,285,396,23
419,2010-04-19,1,True,0,1,0,1,269,17,286,396,24
420,2010-04-21,2,True,0,2,0,1,269,19,288,396,25
421,2010-04-23,1,True,0,1,0,1,269,20,289,396,26
422,2010-04-26,0,True,0,0,0,1,269,20,289,396,27
423,2010-04-28,0,True,0,0,0,1,269,20,289,396,28
424,2010-10-08,0,False,0,0,1,0,269,20,289,397,28
425,2010-10-09,2,False,2,0,1,0,271,20,291,398,28
426,2010-10-11,1,False,1,0,1,0,272,20,292,399,28
427,2010-10-13,1,False,1,0,1,0,273,20,293,400,28
428,2010-10-16,0,False,0,0,1,0,273,20,293,401,28
429,2010-10-19,0,False,0,0,1,0,273,20,293,402,28
430,2010-10-21,0,False,0,0,1,0,273,20,293,403,28
431,2010-10-23,0,False,0,0,1,0,273,20,293,404,28
432,2010-10-27,0,False,0,0,1,0,273,20,293,405,28
433,2010-10-28,1,False,1,0,1,0,274,20,294,406,28
434,2010-10-30,2,False,2,0,1,0,276,20,296,407,28
435,2010-11-03,0,False,0,0,1,0,276,20,296,408,28
436,2010-11-05,1,False,1,0,1,0,277,20,297,409,28
437,2010-11-07,0,False,0,0,1,0,277,20,297,410,28
438,2010-11-09,0,False,0,0,1,0,277,20,297,411,28
439,2010-11-11,1,False,1,0,1,0,278,20,298,412,28
440,2010-11-13,0,False,0,0,1,0,278,20,298,413,28
441,2010-11-14,1,False,1,0,1,0,279,20,299,414,28
442,2010-11-17,0,False,0,0,1,0,279,20,299,415,28
443,2010-11-19,0,False,0,0,1,0,279,20,299,416,28
444,2010-11-20,0,False,0,0,1,0,279,20,299,417,28
445,2010-11-22,0,False,0,0,1,0,279,20,299,418,28
446,2010-11-24,0,False,0,0,1,0,279,20,299,419,28
447,2010-11-26,0,False,0,0,1,0,279,20,299,420,28
448,2010-11-28,0,False,0,0,1,0,279,20,299,421,28
449,2010-12-01,0,False,0,0,1,0,279,20,299,422,28
450,2010-12-02,0,False,0,0,1,0,279,20,299,423,28
451,2010-12-04,1,False,1,0,1,0,280,20,300,424,28
452,2010-12-06,1,False,1,0,1,0,281,20,301,425,28
453,2010-12-09,0,False,0,0,1,0,281,20,301,426,28
454,2010-12-11,0,False,0,0,1,0,281,20,301,427,28
455,2010-12-12,0,False,0,0,1,0,281,20,301,428,28
456,2010-12-15,0,False,0,0,1,0,281,20,301,429,28
457,2010-12-18,0,False,0,0,1,0,281,20,301,430,28
458,2010-12-19,0,False,0,0,1,0,281,20,301,431,28
459,2010-12-21,0,False,0,0,1,0,281,20,301,432,28
460,2010-12-23,0,False,0,0,1,0,281,20,301,433,28
461,2010-12-26,1,False,1,0,1,0,282,20,302,434,28
462,2010-12-28,1,False,1,0,1,0,283,20,303,435,28
463,2011-01-01,0,False,0,0,1,0,283,20,303,436,28
464,2011-01-04,0,False,0,0,1,0,283,20,303,437,28
465,2011-01-08,1,False,1,0,1,0,284,20,304,438,28
466,2011-01-11,0,False,0,0,1,0,284,20,304,439,28
467,2011-01-12,0,False,0,0,1,0,284,20,304,440,28
468,2011-01-14,0,False,0,0,1,0,284,20,304,441,28
469,2011-01-16,0,False,0,0,1,0,284,20,304,442,28
470,2011-01-18,1,False,1,0,1,0,285,20,305,443,28
471,2011-01-20,0,False,0,0,1,0,285,20,305,444,28
472,2011-01-22,3,False,3,0,1,0,288,20,308,445,28
473,2011-01-24,0,False,0,0,1,0,288,20,308,446,28
474,2011-01-26,0,False,0,0,1,0,288,20,308,447,28
475,2011-02-01,0,False,0,0,1,0,288,20,308,448,28
476,2011-02-04,1,False,1,0,1,0,289,20,309,449,28
477,2011-02-06,0,False,0,0,1,0,289,20,309,450,28
478,2011-02-08,0,False,0,0,1,0,289,20,309,451,28
479,2011-02-12,1,False,1,0,1,0,290,20,310,452,28
480,2011-02-14,0,False,0,0,1,0,290,20,310,453,28
481,2011-02-16,1,False,1,0,1,0,291,20,311,454,28
482,2011-02-17,1,False,1,0,1,0,292,20,312,455,28
483,2011-02-20,0,False,0,0,1,0,292,20,312,456,28
484,2011-02-21,1,False,1,0,1,0,293,20,313,457,28
485,2011-02-25,0,False,0,0,1,0,293,20,313,458,28
486,2011-02-26,0,False,0,0,1,0,293,20,313,459,28
487,2011-03-01,1,False,1,0,1,0,294,20,314,460,28
488,2011-03-03,0,False,0,0,1,0,294,20,314,461,28
489,2011-03-06,0,False,0,0,1,0,294,20,314,462,28
490,2011-03-07,0,False,0,0,1,0,294,20,314,463,28
491,2011-03-09,2,False,2,0,1,0,296,20,316,464,28
492,2011-03-11,1,False,1,0,1,0,297,20,317,465,28
493,2011-03-13,0,False,0,0,1,0,297,20,317,466,28
494,2011-03-15,0,False,0,0,1,0,297,20,317,467,28
495,2011-03-16,1,False,1,0,1,0,298,20,318,468,28
496,2011-03-18,0,False,0,0,1,0,298,20,318,469,28
497,2011-03-29,0,False,0,0,1,0,298,20,318,470,28
498,2011-03-31,0,False,0,0,1,0,298,20,318,471,28
499,2011-04-02,1,False,1,0,1,0,299,20,319,472,28
500,2011-04-05,1,False,1,0,1,0,300,20,320,473,28
501,2011-04-06,1,False,1,0,1,0,301,20,321,474,28
502,2011-04-09,0,False,0,0,1,0,301,20,321,475,28
503,2011-04-13,1,True,0,1,0,1,301,21,322,475,29
504,2011-04-15,0,True,0,0,0,1,301,21,322,475,30
505,2011-04-17,1,True,0,1,0,1,301,22,323,475,31
506,2011-04-20,0,True,0,0,0,1,301,22,323,475,32
507,2011-04-23,1,True,0,1,0,1,301,23,324,475,33
508,2011-04-29,0,True,0,0,0,1,301,23,324,475,34
509,2011-05-01,1,True,0,1,0,1,301,24,325,475,35
510,2011-05-03,1,True,0,1,0,1,301,25,326,475,36
511,2011-05-04,0,True,0,0,0,1,301,25,326,475,37
512,2011-10-08,0,False,0,0,1,0,301,25,326,476,37
513,2011-10-10,0,False,0,0,1,0,301,25,326,477,37
514,2011-10-13,1,False,1,0,1,0,302,25,327,478,37
515,2011-10-15,0,False,0,0,1,0,302,25,327,479,37
516,2011-10-18,0,False,0,0,1,0,302,25,327,480,37
517,2011-10-20,2,False,2,0,1,0,304,25,329,481,37
518,2011-10-22,0,False,0,0,1,0,304,25,329,482,37
519,2011-10-27,0,False,0,0,1,0,304,25,329,483,37
520,2011-10-29,2,False,2,0,1,0,306,25,331,484,37
521,2011-11-01,0,False,0,0,1,0,306,25,331,485,37
522,2011-11-04,0,False,0,0,1,0,306,25,331,486,37
523,2011-11-05,1,False,1,0,1,0,307,25,332,487,37
524,2011-11-08,0,False,0,0,1,0,307,25,332,488,37
525,2011-11-11,1,False,1,0,1,0,308,25,333,489,37
526,2011-11-12,0,False,0,0,1,0,308,25,333,490,37
527,2011-11-15,0,False,0,0,1,0,308,25,333,491,37
528,2011-11-17,0,False,0,0,1,0,308,25,333,492,37
529,2011-11-19,0,False,0,0,1,0,308,25,333,493,37
530,2011-11-21,0,False,0,0,1,0,308,25,333,494,37
531,2011-11-23,0,False,0,0,1,0,308,25,333,495,37
532,2011-11-25,1,False,1,0,1,0,309,25,334,496,37
533,2011-11-26,0,False,0,0,1,0,309,25,334,497,37
534,2011-11-29,0,False,0,0,1,0,309,25,334,498,37
535,2011-12-01,0,False,0,0,1,0,309,25,334,499,37
536,2011-12-03,0,False,0,0,1,0,309,25,334,500,37
537,2011-12-05,0,False,0,0,1,0,309,25,334,501,37
538,2011-12-07,1,False,1,0,1,0,310,25,335,502,37
539,2011-12-09,0,False,0,0,1,0,310,25,335,503,37
540,2011-12-13,0,False,0,0,1,0,310,25,335,504,37
541,2011-12-15,1,False,1,0,1,0,311,25,336,505,37
542,2011-12-17,0,False,0,0,1,0,311,25,336,506,37
543,2011-12-20,1,False,1,0,1,0,312,25,337,507,37
544,2011-12-23,0,False,0,0,1,0,312,25,337,508,37
545,2011-12-26,1,False,1,0,1,0,313,25,338,509,37
546,2011-12-28,0,False,0,0,1,0,313,25,338,510,37
547,2011-12-30,2,False,2,0,1,0,315,25,340,511,37
548,2011-12-31,2,False,2,0,1,0,317,25,342,512,37
549,2012-01-03,1,False,1,0,1,0,318,25,343,513,37
550,2012-01-07,0,False,0,0,1,0,318,25,343,514,37
551,2012-01-09,0,False,0,0,1,0,318,25,343,515,37
552,2012-01-11,0,False,0,0,1,0,318,25,343,516,37
553,2012-01-13,1,False,1,0,1,0,319,25,344,517,37
554,2012-01-15,0,False,0,0,1,0,319,25,344,518,37
555,2012-01-17,0,False,0,0,1,0,319,25,344,519,37
556,2012-01-18,1,False,1,0,1,0,320,25,345,520,37
557,2012-01-20,0,False,0,0,1,0,320,25,345,521,37
558,2012-01-22,1,False,1,0,1,0,321,25,346,522,37
559,2012-02-04,0,False,0,0,1,0,321,25,346,523,37
560,2012-02-05,0,False,0,0,1,0,321,25,346,524,37
561,2012-02-07,2,False,2,0,1,0,323,25,348,525,37
562,2012-02-09,1,False,1,0,1,0,324,25,349,526,37
563,2012-02-12,0,False,0,0,1,0,324,25,349,527,37
564,2012-02-13,0,False,0,0,1,0,324,25,349,528,37
565,2012-02-17,1,False,1,0,1,0,325,25,350,529,37
566,2012-02-18,0,False,0,0,1,0,325,25,350,530,37
567,2012-02-20,0,False,0,0,1,0,325,25,350,531,37
568,2012-02-24,1,False,1,0,1,0,326,25,351,532,37
569,2012-02-25,0,False,0,0,1,0,326,25,351,533,37
570,2012-02-28,1,False,1,0,1,0,327,25,352,534,37
571,2012-03-02,0,False,0,0,1,0,327,25,352,535,37
572,2012-03-04,0,False,0,0,1,0,327,25,352,536,37
573,2012-03-06,0,False,0,0,1,0,327,25,352,537,37
574,2012-03-08,1,False,1,0,1,0,328,25,353,538,37
575,2012-03-10,0,False,0,0,1,0,328,25,353,539,37
576,2012-03-11,0,False,0,0,1,0,328,25,353,540,37
577,2012-03-13,2,False,2,0,1,0,330,25,355,541,37
578,2012-03-16,0,False,0,0,1,0,330,25,355,542,37
579,2012-03-18,1,False,1,0,1,0,331,25,356,543,37
580,2012-03-19,2,False,2,0,1,0,333,25,358,544,37
581,2012-03-22,1,False,1,0,1,0,334,25,359,545,37
582,2012-03-23,2,False,2,0,1,0,336,25,361,546,37
583,2012-03-25,1,False,1,0,1,0,337,25,362,547,37
584,2012-03-27,0,False,0,0,1,0,337,25,362,548,37
585,2012-03-29,0,False,0,0,1,0,337,25,362,549,37
586,2012-03-31,0,False,0,0,1,0,337,25,362,550,37
587,2012-04-02,0,False,0,0,1,0,337,25,362,551,37
588,2012-04-05,1,False,1,0,1,0,338,25,363,552,37
589,2012-04-07,1,False,1,0,1,0,339,25,364,553,37
590,2012-04-12,0,True,0,0,0,1,339,25,364,553,38
591,2012-04-14,0,True,0,0,0,1,339,25,364,553,39
592,2012-04-16,1,True,0,1,0,1,339,26,365,553,40
593,2012-04-19,0,True,0,0,0,1,339,26,365,553,41
594,2012-04-21,0,True,0,0,0,1,339,26,365,553,42
595,2012-04-22,1,True,0,1,0,1,339,27,366,553,43
596,2012-04-25,0,True,0,0,0,1,339,27,366,553,44
597,2012-04-28,0,True,0,0,0,1,339,27,366,553,45
598,2012-04-30,1,True,0,1,0,1,339,28,367,553,46
599,2012-05-02,0,True,0,0,0,1,339,28,367,553,47
600,2012-05-05,1,True,0,1,0,1,339,29,368,553,48
601,2012-05-07,0,True,0,0,0,1,339,29,368,553,49
602,2012-05-09,1,True,0,1,0,1,339,30,369,553,50
603,2012-05-12,0,True,0,0,0,1,339,30,369,553,51
604,2013-01-19,0,False,0,0,1,0,339,30,369,554,51
605,2013-01-22,0,False,0,0,1,0,339,30,369,555,51
606,2013-01-24,0,False,0,0,1,0,339,30,369,556,51
607,2013-01-25,0,False,0,0,1,0,339,30,369,557,51
608,2013-01-27,1,False,1,0,1,0,340,30,370,558,51
609,2013-01-29,0,False,0,0,1,0,340,30,370,559,51
610,2013-01-31,1,False,1,0,1,0,341,30,371,560,51
611,2013-02-01,0,False,0,0,1,0,341,30,371,561,51
612,2013-02-03,0,False,0,0,1,0,341,30,371,562,51
613,2013-02-05,0,False,0,0,1,0,341,30,371,563,51
614,2013-02-07,1,False,1,0,1,0,342,30,372,564,51
615,2013-02-09,1,False,1,0,1,0,343,30,373,565,51
616,2013-02-12,1,False,1,0,1,0,344,30,374,566,51
617,2013-02-14,0,False,0,0,1,0,344,30,374,567,51
618,2013-02-17,0,False,0,0,1,0,344,30,374,568,51
619,2013-02-21,0,False,0,0,1,0,344,30,374,569,51
620,2013-02-23,3,False,3,0,1,0,347,30,377,570,51
621,2013-02-26,0,False,0,0,1,0,347,30,377,571,51
622,2013-02-27,0,False,0,0,1,0,347,30,377,572,51
623,2013-03-02,0,False,0,0,1,0,347,30,377,573,51
624,2013-03-05,0,False,0,0,1,0,347,30,377,574,51
625,2013-03-07,1,False,1,0,1,0,348,30,378,575,51
626,2013-03-09,0,False,0,0,1,0,348,30,378,576,51
627,2013-03-10,0,False,0,0,1,0,348,30,378,577,51
628,2013-03-12,0,False,0,0,1,0,348,30,378,578,51
629,2013-03-14,1,False,1,0,1,0,349,30,379,579,51
630,2013-03-16,0,False,0,0,1,0,349,30,379,580,51
631,2013-03-17,1,False,1,0,1,0,350,30,380,581,51
632,2013-03-19,1,False,1,0,1,0,351,30,381,582,51
633,2013-03-21,1,False,1,0,1,0,352,30,382,583,51
634,2013-03-22,2,False,2,0,1,0,354,30,384,584,51
635,2013-03-24,1,False,1,0,1,0,355,30,385,585,51
636,2013-03-26,0,False,0,0,1,0,355,30,385,586,51
637,2013-03-30,1,False,1,0,1,0,356,30,386,587,51
638,2013-03-31,1,False,1,0,1,0,357,30,387,588,51
639,2013-04-02,2,False,2,0,1,0,359,30,389,589,51
640,2013-04-04,0,False,0,0,1,0,359,30,389,590,51
641,2013-04-06,3,False,3,0,1,0,362,30,392,591,51
642,2013-04-07,2,False,2,0,1,0,364,30,394,592,51
643,2013-04-09,1,False,1,0,1,0,365,30,395,593,51
644,2013-04-11,0,False,0,0,1,0,365,30,395,594,51
645,2013-04-13,1,False,1,0,1,0,366,30,396,595,51
646,2013-04-16,1,False,1,0,1,0,367,30,397,596,51
647,2013-04-18,0,False,0,0,1,0,367,30,397,597,51
648,2013-04-20,2,False,2,0,1,0,369,30,399,598,51
649,2013-04-23,1,False,1,0,1,0,370,30,400,599,51
650,2013-04-25,1,False,1,0,1,0,371,30,401,600,51
651,2013-04-27,0,False,0,0,1,0,371,30,401,601,51
652,2013-05-02,1,True,0,1,0,1,371,31,402,601,52
653,2013-05-04,0,True,0,0,0,1,371,31,402,601,53
654,2013-05-06,0,True,0,0,0,1,371,31,402,601,54
655,2013-05-08,0,True,0,0,0,1,371,31,402,601,55
656,2013-05-10,0,True,0,0,0,1,371,31,402,601,56
657,2013-05-12,0,True,0,0,0,1,371,31,402,601,57
658,2013-05-13,0,True,0,0,0,1,371,31,402,601,58
659,2013-10-01,1,False,1,0,1,0,372,31,403,602,58
660,2013-10-03,2,False,2,0,1,0,374,31,405,603,58
661,2013-10-05,1,False,1,0,1,0,375,31,406,604,58
662,2013-10-10,1,False,1,0,1,0,376,31,407,605,58
663,2013-10-12,0,False,0,0,1,0,376,31,407,606,58
664,2013-10-14,1,False,1,0,1,0,377,31,408,607,58
665,2013-10-16,0,False,0,0,1,0,377,31,408,608,58
666,2013-10-19,1,False,1,0,1,0,378,31,409,609,58
667,2013-10-22,2,False,2,0,1,0,380,31,411,610,58
668,2013-10-24,1,False,1,0,1,0,381,31,412,611,58
669,2013-10-26,0,False,0,0,1,0,381,31,412,612,58
670,2013-10-28,0,False,0,0,1,0,381,31,412,613,58
671,2013-11-05,2,False,2,0,1,0,383,31,414,614,58
672,2013-11-07,1,False,1,0,1,0,384,31,415,615,58
673,2013-11-09,0,False,0,0,1,0,384,31,415,616,58
674,2013-11-10,0,False,0,0,1,0,384,31,415,617,58
675,2013-11-12,1,False,1,0,1,0,385,31,416,618,58
676,2013-11-15,1,False,1,0,1,0,386,31,417,619,58
677,2013-11-17,2,False,2,0,1,0,388,31,419,620,58
678,2013-11-20,0,False,0,0,1,0,388,31,419,621,58
679,2013-11-22,2,False,2,0,1,0,390,31,421,622,58
680,2013-11-23,1,False,1,0,1,0,391,31,422,623,58
681,2013-11-27,0,False,0,0,1,0,391,31,422,624,58
682,2013-11-29,0,False,0,0,1,0,391,31,422,625,58
683,2013-11-30,1,False,1,0,1,0,392,31,423,626,58
684,2013-12-03,0,False,0,0,1,0,392,31,423,627,58
685,2013-12-07,1,False,1,0,1,0,393,31,424,628,58
686,2013-12-08,0,False,0,0,1,0,393,31,424,629,58
687,2013-12-10,4,False,4,0,1,0,397,31,428,630,58
688,2013-12-13,0,False,0,0,1,0,397,31,428,631,58
689,2013-12-15,1,False,1,0,1,0,398,31,429,632,58
690,2013-12-17,1,False,1,0,1,0,399,31,430,633,58
691,2013-12-20,1,False,1,0,1,0,400,31,431,634,58
692,2013-12-21,1,False,1,0,1,0,401,31,432,635,58
693,2013-12-23,0,False,0,0,1,0,401,31,432,636,58
694,2013-12-27,0,False,0,0,1,0,401,31,432,637,58
695,2013-12-29,0,False,0,0,1,0,401,31,432,638,58
696,2013-12-30,0,False,0,0,1,0,401,31,432,639,58
697,2014-01-02,1,False,1,0,1,0,402,31,433,640,58
698,2014-01-04,0,False,0,0,1,0,402,31,433,641,58
699,2014-01-09,0,False,0,0,1,0,402,31,433,642,58
700,2014-01-10,1,False,1,0,1,0,403,31,434,643,58
701,2014-01-12,0,False,0,0,1,0,403,31,434,644,58
702,2014-01-14,1,False,1,0,1,0,404,31,435,645,58
703,2014-01-15,1,False,1,0,1,0,405,31,436,646,58
704,2014-01-17,0,False,0,0,1,0,405,31,436,647,58
705,2014-01-19,1,False,1,0,1,0,406,31,437,648,58
706,2014-01-25,1,False,1,0,1,0,407,31,438,649,58
707,2014-01-28,2,False,2,0,1,0,409,31,440,650,58
708,2014-01-30,0,False,0,0,1,0,409,31,440,651,58
709,2014-01-31,0,False,0,0,1,0,409,31,440,652,58
710,2014-02-02,1,False,1,0,1,0,410,31,441,653,58
711,2014-02-04,0,False,0,0,1,0,410,31,441,654,58
712,2014-02-06,1,False,1,0,1,0,411,31,442,655,58
713,2014-02-08,0,False,0,0,1,0,411,31,442,656,58
714,2014-02-27,1,False,1,0,1,0,412,31,443,657,58
715,2014-03-01,2,False,2,0,1,0,414,31,445,658,58
716,2014-03-02,0,False,0,0,1,0,414,31,445,659,58
717,2014-03-05,1,False,1,0,1,0,415,31,446,660,58
718,2014-03-06,0,False,0,0,1,0,415,31,446,661,58
719,2014-03-08,0,False,0,0,1,0,415,31,446,662,58
720,2014-03-10,0,False,0,0,1,0,415,31,446,663,58
721,2014-03-11,0,False,0,0,1,0,415,31,446,664,58
722,2014-03-14,1,False,1,0,1,0,416,31,447,665,58
723,2014-03-16,0,False,0,0,1,0,416,31,447,666,58
724,2014-03-18,1,False,1,0,1,0,417,31,448,667,58
725,2014-03-20,0,False,0,0,1,0,417,31,448,668,58
726,2014-03-22,0,False,0,0,1,0,417,31,448,669,58
727,2014-03-25,2,False,2,0,1,0,419,31,450,670,58
728,2014-03-29,0,False,0,0,1,0,419,31,450,671,58
729,2014-03-30,0,False,0,0,1,0,419,31,450,672,58
730,2014-04-01,0,False,0,0,1,0,419,31,450,673,58
731,2014-04-04,1,False,1,0,1,0,420,31,451,674,58
732,2014-04-05,0,False,0,0,1,0,420,31,451,675,58
733,2014-04-08,1,False,1,0,1,0,421,31,452,676,58
734,2014-04-10,0,False,0,0,1,0,421,31,452,677,58
735,2014-04-11,1,False,1,0,1,0,422,31,453,678,58
736,2014-04-13,0,False,0,0,1,0,422,31,453,679,58
737,2014-10-09,0,False,0,0,1,0,422,31,453,680,58
738,2014-10-11,2,False,2,0,1,0,424,31,455,681,58
739,2014-10-14,2,False,2,0,1,0,426,31,457,682,58
740,2014-10-16,1,False,1,0,1,0,427,31,458,683,58
741,2014-10-18,0,False,0,0,1,0,427,31,458,684,58
742,2014-10-22,0,False,0,0,1,0,427,31,458,685,58
743,2014-10-25,0,False,0,0,1,0,427,31,458,686,58
744,2014-10-26,0,False,0,0,1,0,427,31,458,687,58
745,2014-10-29,0,False,0,0,1,0,427,31,458,688,58
746,2014-11-01,0,False,0,0,1,0,427,31,458,689,58
747,2014-11-02,1,False,1,0,1,0,428,31,459,690,58
748,2014-11-04,0,False,0,0,1,0,428,31,459,691,58
749,2014-11-07,0,False,0,0,1,0,428,31,459,692,58
750,2014-11-08,0,False,0,0,1,0,428,31,459,693,58
751,2014-11-11,2,False,2,0,1,0,430,31,461,694,58
752,2014-11-14,0,False,0,0,1,0,430,31,461,695,58
753,2014-11-15,0,False,0,0,1,0,430,31,461,696,58
754,2014-11-18,0,False,0,0,1,0,430,31,461,697,58
755,2014-11-20,1,False,1,0,1,0,431,31,462,698,58
756,2014-11-22,0,False,0,0,1,0,431,31,462,699,58
757,2014-11-26,2,False,2,0,1,0,433,31,464,700,58
758,2014-11-28,1,False,1,0,1,0,434,31,465,701,58
759,2014-11-29,0,False,0,0,1,0,434,31,465,702,58
760,2014-12-02,0,False,0,0,1,0,434,31,465,703,58
761,2014-12-04,0,False,0,0,1,0,434,31,465,704,58
762,2014-12-06,0,False,0,0,1,0,434,31,465,705,58
763,2014-12-09,2,False,2,0,1,0,436,31,467,706,58
764,2014-12-11,0,False,0,0,1,0,436,31,467,707,58
765,2014-12-13,0,False,0,0,1,0,436,31,467,708,58
766,2014-12-16,0,False,0,0,1,0,436,31,467,709,58
767,2014-12-18,0,False,0,0,1,0,436,31,467,710,58
768,2014-12-20,1,False,1,0,1,0,437,31,468,711,58
769,2014-12-22,0,False,0,0,1,0,437,31,468,712,58
770,2014-12-23,1,False,1,0,1,0,438,31,469,713,58
771,2014-12-27,0,False,0,0,1,0,438,31,469,714,58
772,2014-12-29,1,False,1,0,1,0,439,31,470,715,58
773,2015-01-01,1,False,1,0,1,0,440,31,471,716,58
774,2015-01-04,1,False,1,0,1,0,441,31,472,717,58
775,2015-01-07,1,False,1,0,1,0,442,31,473,718,58
776,2015-01-08,1,False,1,0,1,0,443,31,474,719,58
777,2015-01-10,0,False,0,0,1,0,443,31,474,720,58
778,2015-01-12,1,False,1,0,1,0,444,31,475,721,58
779,2015-01-14,0,False,0,0,1,0,444,31,475,722,58
780,2015-01-16,2,False,2,0,1,0,446,31,477,723,58
781,2015-01-17,1,False,1,0,1,0,447,31,478,724,58
782,2015-01-20,2,False,2,0,1,0,449,31,480,725,58
783,2015-01-27,0,False,0,0,1,0,449,31,480,726,58
784,2015-01-28,2,False,2,0,1,0,451,31,482,727,58
785,2015-01-31,0,False,0,0,1,0,451,31,482,728,58
786,2015-02-01,2,False,2,0,1,0,453,31,484,729,58
787,2015-02-03,0,False,0,0,1,0,453,31,484,730,58
788,2015-02-05,1,False,1,0,1,0,454,31,485,731,58
789,2015-02-06,0,False,0,0,1,0,454,31,485,732,58
790,2015-02-08,1,False,1,0,1,0,455,31,486,733,58
791,2015-02-11,0,False,0,0,1,0,455,31,486,734,58
792,2015-02-14,1,False,1,0,1,0,456,31,487,735,58
793,2015-02-15,2,False,2,0,1,0,458,31,489,736,58
794,2015-02-17,1,False,1,0,1,0,459,31,490,737,58
795,2015-02-19,1,False,1,0,1,0,460,31,491,738,58
796,2015-02-21,0,False,0,0,1,0,460,31,491,739,58
797,2015-02-22,0,False,0,0,1,0,460,31,491,740,58
798,2015-02-25,1,False,1,0,1,0,461,31,492,741,58
799,2015-02-27,0,False,0,0,1,0,461,31,492,742,58
800,2015-03-01,2,False,2,0,1,0,463,31,494,743,58
801,2015-03-03,2,False,2,0,1,0,465,31,496,744,58
802,2015-03-07,1,False,1,0,1,0,466,31,497,745,58
803,2015-03-11,1,False,1,0,1,0,467,31,498,746,58
804,2015-03-13,0,False,0,0,1,0,467,31,498,747,58
805,2015-03-15,0,False,0,0,1,0,467,31,498,748,58
806,2015-03-16,0,False,0,0,1,0,467,31,498,749,58
807,2015-03-19,2,False,2,0,1,0,469,31,500,750,58
808,2015-03-21,0,False,0,0,1,0,469,31,500,751,58
809,2015-03-26,0,False,0,0,1,0,469,31,500,752,58
810,2015-03-28,0,False,0,0,1,0,469,31,500,753,58
811,2015-03-29,2,False,2,0,1,0,471,31,502,754,58
812,2015-03-31,1,False,1,0,1,0,472,31,503,755,58
813,2015-04-02,2,False,2,0,1,0,474,31,505,756,58
814,2015-04-04,0,False,0,0,1,0,474,31,505,757,58
815,2015-04-05,0,False,0,0,1,0,474,31,505,758,58
816,2015-04-08,0,False,0,0,1,0,474,31,505,759,58
817,2015-04-11,1,False,1,0,1,0,475,31,506,760,58
818,2015-04-15,0,True,0,0,0,1,475,31,506,760,59
819,2015-04-17,1,True,0,1,0,1,475,32,507,760,60
820,2015-04-19,0,True,0,0,0,1,475,32,507,760,61
821,2015-04-21,1,True,0,1,0,1,475,33,508,760,62
822,2015-04-23,0,True,0,0,0,1,475,33,508,760,63
823,2015-04-25,0,True,0,0,0,1,475,33,508,760,64
824,2015-04-27,0,True,0,0,0,1,475,33,508,760,65
825,2015-04-30,1,True,0,1,0,1,475,34,509,760,66
826,2015-05-02,1,True,0,1,0,1,475,35,510,760,67
827,2015-05-04,0,True,0,0,0,1,475,35,510,760,68
828,2015-05-06,0,True,0,0,0,1,475,35,510,760,69
829,2015-05-08,0,True,0,0,0,1,475,35,510,760,70
830,2015-05-10,0,True,0,0,0,1,475,35,510,760,71
831,2015-05-13,1,True,0,1,0,1,475,36,511,760,72
832,2015-10-10,1,False,1,0,1,0,476,36,512,761,72
833,2015-10-15,1,False,1,0,1,0,477,36,513,762,72
834,2015-10-17,1,False,1,0,1,0,478,36,514,763,72
835,2015-10-20,1,False,1,0,1,0,479,36,515,764,72
836,2015-10-22,1,False,1,0,1,0,480,36,516,765,72
837,2015-10-23,0,False,0,0,1,0,480,36,516,766,72
838,2015-10-28,0,False,0,0,1,0,480,36,516,767,72
839,2015-10-30,0,False,0,0,1,0,480,36,516,768,72
840,2015-10-31,0,False,0,0,1,0,480,36,516,769,72
841,2015-11-03,1,False,1,0,1,0,481,36,517,770,72
842,2015-11-05,1,False,1,0,1,0,482,36,518,771,72
843,2015-11-07,1,False,1,0,1,0,483,36,519,772,72
844,2015-11-10,0,False,0,0,1,0,483,36,519,773,72
845,2015-11-12,0,False,0,0,1,0,483,36,519,774,72
846,2015-11-13,0,False,0,0,1,0,483,36,519,775,72
847,2015-11-18,0,False,0,0,1,0,483,36,519,776,72
848,2015-11-19,1,False,1,0,1,0,484,36,520,777,72
849,2015-11-21,1,False,1,0,1,0,485,36,521,778,72
850,2015-11-23,0,False,0,0,1,0,485,36,521,779,72
851,2015-11-25,1,False,1,0,1,0,486,36,522,780,72
852,2015-11-27,1,False,1,0,1,0,487,36,523,781,72
853,2015-11-28,0,False,0,0,1,0,487,36,523,782,72
854,2015-12-03,0,False,0,0,1,0,487,36,523,783,72
855,2015-12-05,0,False,0,0,1,0,487,36,523,784,72
856,2015-12-08,1,False,1,0,1,0,488,36,524,785,72
857,2015-12-10,1,False,1,0,1,0,489,36,525,786,72
858,2015-12-12,0,False,0,0,1,0,489,36,525,787,72
859,2015-12-14,0,False,0,0,1,0,489,36,525,788,72
860,2015-12-16,0,False,0,0,1,0,489,36,525,789,72
861,2015-12-18,2,False,2,0,1,0,491,36,527,790,72
862,2015-12-20,1,False,1,0,1,0,492,36,528,791,72
863,2015-12-21,0,False,0,0,1,0,492,36,528,792,72
864,2015-12-26,0,False,0,0,1,0,492,36,528,793,72
865,2015-12-28,1,False,1,0,1,0,493,36,529,794,72
866,2015-12-30,2,False,2,0,1,0,495,36,531,795,72
867,2015-12-31,1,False,1,0,1,0,496,36,532,796,72
868,2016-01-02,0,False,0,0,1,0,496,36,532,797,72
869,2016-01-05,0,False,0,0,1,0,496,36,532,798,72
870,2016-01-07,1,False,1,0,1,0,497,36,533,799,72
871,2016-01-09,2,False,2,0,1,0,499,36,535,800,72
872,2016-01-10,2,False,2,0,1,0,501,36,537,801,72
873,2016-01-14,0,False,0,0,1,0,501,36,537,802,72
874,2016-01-16,0,False,0,0,1,0,501,36,537,803,72
875,2016-01-17,1,False,1,0,1,0,502,36,538,804,72
876,2016-01-19,1,False,1,0,1,0,503,36,539,805,72
877,2016-01-27,0,False,0,0,1,0,503,36,539,806,72
878,2016-02-04,1,False,1,0,1,0,504,36,540,807,72
879,2016-02-06,0,False,0,0,1,0,504,36,540,808,72
880,2016-02-07,1,False,1,0,1,0,505,36,541,809,72
881,2016-02-09,1,False,1,0,1,0,506,36,542,810,72
882,2016-02-11,3,False,3,0,1,0,509,36,545,811,72
883,2016-02-13,1,False,1,0,1,0,510,36,546,812,72
884,2016-02-16,0,False,0,0,1,0,510,36,546,813,72
885,2016-02-18,2,False,2,0,1,0,512,36,548,814,72
886,2016-02-20,1,False,1,0,1,0,513,36,549,815,72
887,2016-02-22,1,False,1,0,1,0,514,36,550,816,72
888,2016-02-24,0,False,0,0,1,0,514,36,550,817,72
889,2016-02-26,1,False,1,0,1,0,515,36,551,818,72
890,2016-02-28,0,False,0,0,1,0,515,36,551,819,72
891,2016-03-01,0,False,0,0,1,0,515,36,551,820,72
892,2016-03-02,1,False,1,0,1,0,516,36,552,821,72
893,2016-03-04,0,False,0,0,1,0,516,36,552,822,72
894,2016-03-05,0,False,0,0,1,0,516,36,552,823,72
895,2016-03-07,0,False,0,0,1,0,516,36,552,824,72
896,2016-03-09,0,False,0,0,1,0,516,36,552,825,72
897,2016-03-12,0,False,0,0,1,0,516,36,552,826,72
898,2016-03-15,1,False,1,0,1,0,517,36,553,827,72
899,2016-03-18,0,False,0,0,1,0,517,36,553,828,72
900,2016-03-20,0,False,0,0,1,0,517,36,553,829,72
901,2016-03-22,1,False,1,0,1,0,518,36,554,830,72
902,2016-03-25,0,False,0,0,1,0,518,36,554,831,72
903,2016-03-26,0,False,0,0,1,0,518,36,554,832,72
904,2016-03-28,0,False,0,0,1,0,518,36,554,833,72
905,2016-03-30,1,False,1,0,1,0,519,36,555,834,72
906,2016-04-01,1,False,1,0,1,0,520,36,556,835,72
907,2016-04-02,0,False,0,0,1,0,520,36,556,836,72
908,2016-04-05,2,False,2,0,1,0,522,36,558,837,72
909,2016-04-07,0,False,0,0,1,0,522,36,558,838,72
910,2016-04-09,3,False,3,0,1,0,525,36,561,839,72
911,2016-04-14,0,True,0,0,0,1,525,36,561,839,73
912,2016-04-16,1,True,0,1,0,1,525,37,562,839,74
913,2016-04-18,2,True,0,2,0,1,525,39,564,839,75
914,2016-04-20,0,True,0,0,0,1,525,39,564,839,76
915,2016-04-22,0,True,0,0,0,1,525,39,564,839,77
916,2016-04-24,0,True,0,0,0,1,525,39,564,839,78
917,2016-04-28,0,True,0,0,0,1,525,39,564,839,79
918,2016-04-30,0,True,0,0,0,1,525,39,564,839,80
919,2016-05-02,1,True,0,1,0,1,525,40,565,839,81
920,2016-05-04,0,True,0,0,0,1,525,40,565,839,82
921,2016-05-07,1,True,0,1,0,1,525,41,566,839,83
922,2016-05-10,0,True,0,0,0,1,525,41,566,839,84
923,2016-10-13,0,False,0,0,1,0,525,41,566,840,84
924,2016-10-15,0,False,0,0,1,0,525,41,566,841,84
925,2016-10-18,1,False,1,0,1,0,526,41,567,842,84
926,2016-10-20,1,False,1,0,1,0,527,41,568,843,84
927,2016-10-22,1,False,1,0,1,0,528,41,569,844,84
928,2016-10-26,1,False,1,0,1,0,529,41,570,845,84
929,2016-10-29,0,False,0,0,1,0,529,41,570,846,84
930,2016-10-30,0,False,0,0,1,0,529,41,570,847,84
931,2016-11-01,0,False,0,0,1,0,529,41,570,848,84
932,2016-11-03,2,False,2,0,1,0,531,41,572,849,84
933,2016-11-05,1,False,1,0,1,0,532,41,573,850,84
934,2016-11-08,0,False,0,0,1,0,532,41,573,851,84
935,2016-11-11,0,False,0,0,1,0,532,41,573,852,84
936,2016-11-12,0,False,0,0,1,0,532,41,573,853,84
937,2016-11-15,0,False,0,0,1,0,532,41,573,854,84
938,2016-11-16,1,False,1,0,1,0,533,41,574,855,84
939,2016-11-18,0,False,0,0,1,0,533,41,574,856,84
940,2016-11-20,1,False,1,0,1,0,534,41,575,857,84
941,2016-11-23,3,False,3,0,1,0,537,41,578,858,84
942,2016-11-25,0,False,0,0,1,0,537,41,578,859,84
943,2016-11-26,0,False,0,0,1,0,537,41,578,860,84
944,2016-12-01,0,False,0,0,1,0,537,41,578,861,84
945,2016-12-03,0,False,0,0,1,0,537,41,578,862,84
946,2016-12-05,0,False,0,0,1,0,537,41,578,863,84
947,2016-12-07,0,False,0,0,1,0,537,41,578,864,84
948,2016-12-09,0,False,0,0,1,0,537,41,578,865,84
949,2016-12-11,1,False,1,0,1,0,538,41,579,866,84
950,2016-12-13,0,False,0,0,1,0,538,41,579,867,84
951,2016-12-16,1,False,1,0,1,0,539,41,580,868,84
952,2016-12-17,0,False,0,0,1,0,539,41,580,869,84
953,2016-12-21,0,False,0,0,1,0,539,41,580,870,84
954,2016-12-23,1,False,1,0,1,0,540,41,581,871,84
955,2016-12-27,1,False,1,0,1,0,541,41,582,872,84
956,2016-12-29,0,False,0,0,1,0,541,41,582,873,84
957,2016-12-31,1,False,1,0,1,0,542,41,583,874,84
958,2017-01-01,0,False,0,0,1,0,542,41,583,875,84
959,2017-01-03,1,False,1,0,1,0,543,41,584,876,84
960,2017-01-05,0,False,0,0,1,0,543,41,584,877,84
961,2017-01-07,0,False,0,0,1,0,543,41,584,878,84
962,2017-01-09,1,False,1,0,1,0,544,41,585,879,84
963,2017-01-11,2,False,2,0,1,0,546,41,587,880,84
964,2017-01-13,0,False,0,0,1,0,546,41,587,881,84
965,2017-01-15,0,False,0,0,1,0,546,41,587,882,84
966,2017-01-16,0,False,0,0,1,0,546,41,587,883,84
967,2017-01-19,0,False,0,0,1,0,546,41,587,884,84
968,2017-01-21,1,False,1,0,1,0,547,41,588,885,84
969,2017-01-23,0,False,0,0,1,0,547,41,588,886,84
970,2017-01-24,0,False,0,0,1,0,547,41,588,887,84
971,2017-01-26,1,False,1,0,1,0,548,41,589,888,84
972,2017-01-31,1,False,1,0,1,0,549,41,590,889,84
973,2017-02-01,1,False,1,0,1,0,550,41,591,890,84
974,2017-02-04,0,False,0,0,1,0,550,41,591,891,84
975,2017-02-05,0,False,0,0,1,0,550,41,591,892,84
976,2017-02-07,1,False,1,0,1,0,551,41,592,893,84
977,2017-02-09,0,False,0,0,1,0,551,41,592,894,84
978,2017-02-11,0,False,0,0,1,0,551,41,592,895,84
979,2017-02-18,0,False,0,0,1,0,551,41,592,896,84
980,2017-02-19,1,False,1,0,1,0,552,41,593,897,84
981,2017-02-22,0,False,0,0,1,0,552,41,593,898,84
982,2017-02-24,0,False,0,0,1,0,552,41,593,899,84
983,2017-02-25,0,False,0,0,1,0,552,41,593,900,84
984,2017-02-28,0,False,0,0,1,0,552,41,593,901,84
985,2017-03-02,0,False,0,0,1,0,552,41,593,902,84
986,2017-03-04,0,False,0,0,1,0,552,41,593,903,84
987,2017-03-06,0,False,0,0,1,0,552,41,593,904,84
988,2017-03-09,0,False,0,0,1,0,552,41,593,905,84
989,2017-03-11,0,False,0,0,1,0,552,41,593,906,84
990,2017-03-12,0,False,0,0,1,0,552,41,593,907,84
991,2017-03-14,1,False,1,0,1,0,553,41,594,908,84
992,2017-03-16,0,False,0,0,1,0,553,41,594,909,84
993,2017-03-18,0,False,0,0,1,0,553,41,594,910,84
994,2017-03-21,1,False,1,0,1,0,554,41,595,911,84
995,2017-03-23,0,False,0,0,1,0,554,41,595,912,84
996,2017-03-25,1,False,1,0,1,0,555,41,596,913,84
997,2017-03-28,3,False,3,0,1,0,558,41,599,914,84
998,2017-03-29,0,False,0,0,1,0,558,41,599,915,84
999,2017-03-31,0,False,0,0,1,0,558,41,599,916,84
1000,2017-04-02,0,False,0,0,1,0,558,41,599,917,84
1001,2017-04-04,0,False,0,0,1,0,558,41,599,918,84
1002,2017-04-05,0,False,0,0,1,0,558,41,599,919,84
1003,2017-04-08,0,False,0,0,1,0,558,41,599,920,84
1004,2017-04-09,0,False,0,0,1,0,558,41,599,921,84
1005,2017-04-13,0,True,0,0,0,1,558,41,599,921,85
1006,2017-04-15,1,True,0,1,0,1,558,42,600,921,86
1007,2017-04-17,1,True,0,1,0,1,558,43,601,921,87
1008,2017-04-19,1,True,0,1,0,1,558,44,602,921,88
1009,2017-04-21,0,True,0,0,0,1,558,44,602,921,89
1010,2017-04-23,0,True,0,0,0,1,558,44,602,921,90
1011,2017-04-27,1,True,0,1,0,1,558,45,603,921,91
1012,2017-04-29,0,True,0,0,0,1,558,45,603,921,92
1013,2017-05-01,0,True,0,0,0,1,558,45,603,921,93
1014,2017-05-03,0,True,0,0,0,1,558,45,603,921,94
1015,2017-05-06,1,True,0,1,0,1,558,46,604,921,95
1016,2017-05-08,0,True,0,0,0,1,558,46,604,921,96
1017,2017-05-10,0,True,0,0,0,1,558,46,604,921,97
1018,2017-10-05,3,False,3,0,1,0,561,46,607,922,97
1019,2017-10-07,4,False,4,0,1,0,565,46,611,923,97
1020,2017-10-09,0,False,0,0,1,0,565,46,611,924,97
1021,2017-10-11,1,False,1,0,1,0,566,46,612,925,97
1022,2017-10-13,1,False,1,0,1,0,567,46,613,926,97
1023,2017-10-14,0,False,0,0,1,0,567,46,613,927,97
1024,2017-10-17,0,False,0,0,1,0,567,46,613,928,97
1025,2017-10-20,1,False,1,0,1,0,568,46,614,929,97
1026,2017-10-21,0,False,0,0,1,0,568,46,614,930,97
1027,2017-10-26,0,False,0,0,1,0,568,46,614,931,97
1028,2017-10-28,0,False,0,0,1,0,568,46,614,932,97
1029,2017-10-29,0,False,0,0,1,0,568,46,614,933,97
1030,2017-11-02,0,False,0,0,1,0,568,46,614,934,97
1031,2017-11-04,1,False,1,0,1,0,569,46,615,935,97
1032,2017-11-06,1,False,1,0,1,0,570,46,616,936,97
1033,2017-11-07,1,False,1,0,1,0,571,46,617,937,97
1034,2017-11-10,0,False,0,0,1,0,571,46,617,938,97
1035,2017-11-12,0,False,0,0,1,0,571,46,617,939,97
1036,2017-11-14,0,False,0,0,1,0,571,46,617,940,97
1037,2017-11-16,0,False,0,0,1,0,571,46,617,941,97
1038,2017-11-18,0,False,0,0,1,0,571,46,617,942,97
1039,2017-11-20,0,False,0,0,1,0,571,46,617,943,97
1040,2017-11-22,1,False,1,0,1,0,572,46,618,944,97
1041,2017-11-24,1,False,1,0,1,0,573,46,619,945,97
1042,2017-11-25,3,False,3,0,1,0,576,46,622,946,97
1043,2017-11-30,0,False,0,0,1,0,576,46,622,947,97
1044,2017-12-02,1,False,1,0,1,0,577,46,623,948,97
1045,2017-12-04,1,False,1,0,1,0,578,46,624,949,97
1046,2017-12-06,1,False,1,0,1,0,579,46,625,950,97
1047,2017-12-08,0,False,0,0,1,0,579,46,625,951,97
1048,2017-12-11,0,False,0,0,1,0,579,46,625,952,97
1049,2017-12-12,0,False,0,0,1,0,579,46,625,953,97
1050,2017-12-14,1,False,1,0,1,0,580,46,626,954,97
1051,2017-12-16,1,False,1,0,1,0,581,46,627,955,97
1052,2017-12-19,0,False,0,0,1,0,581,46,627,956,97
1053,2017-12-22,0,False,0,0,1,0,581,46,627,957,97
1054,2017-12-23,0,False,0,0,1,0,581,46,627,958,97
1055,2017-12-27,0,False,0,0,1,0,581,46,627,959,97
1056,2017-12-28,1,False,1,0,1,0,582,46,628,960,97
1057,2017-12-30,0,False,0,0,1,0,582,46,628,961,97
1058,2018-01-02,2,False,2,0,1,0,584,46,630,962,97
1059,2018-01-07,1,False,1,0,1,0,585,46,631,963,97
1060,2018-01-09,0,False,0,0,1,0,585,46,631,964,97
1061,2018-01-11,0,False,0,0,1,0,585,46,631,965,97
1062,2018-01-12,1,False,1,0,1,0,586,46,632,966,97
1063,2018-01-18,0,False,0,0,1,0,586,46,632,967,97
1064,2018-01-19,0,False,0,0,1,0,586,46,632,968,97
1065,2018-01-21,1,False,1,0,1,0,587,46,633,969,97
1066,2018-01-25,1,False,1,0,1,0,588,46,634,970,97
1067,2018-01-31,0,False,0,0,1,0,588,46,634,971,97
1068,2018-02-02,2,False,2,0,1,0,590,46,636,972,97
1069,2018-02-04,0,False,0,0,1,0,590,46,636,973,97
1070,2018-02-06,0,False,0,0,1,0,590,46,636,974,97
1071,2018-02-09,0,False,0,0,1,0,590,46,636,975,97
1072,2018-02-11,1,False,1,0,1,0,591,46,637,976,97
1073,2018-02-13,0,False,0,0,1,0,591,46,637,977,97
1074,2018-02-15,1,False,1,0,1,0,592,46,638,978,97
1075,2018-02-17,0,False,0,0,1,0,592,46,638,979,97
1076,2018-02-19,1,False,1,0,1,0,593,46,639,980,97
1077,2018-02-20,1,False,1,0,1,0,594,46,640,981,97
1078,2018-02-22,0,False,0,0,1,0,594,46,640,982,97
1079,2018-02-24,2,False,2,0,1,0,596,46,642,983,97
1080,2018-02-26,1,False,1,0,1,0,597,46,643,984,97
1081,2018-02-27,0,False,0,0,1,0,597,46,643,985,97
1082,2018-03-03,1,False,1,0,1,0,598,46,644,986,97
1083,2018-03-06,0,False,0,0,1,0,598,46,644,987,97
1084,2018-03-08,0,False,0,0,1,0,598,46,644,988,97
1085,2018-03-10,0,False,0,0,1,0,598,46,644,989,97
1086,2018-03-12,2,False,2,0,1,0,600,46,646,990,97
1087,2018-03-15,0,False,0,0,1,0,600,46,646,991,97
1088,2018-03-16,0,False,0,0,1,0,600,46,646,992,97
1089,2018-03-18,1,False,1,0,1,0,601,46,647,993,97
1090,2018-03-20,1,False,1,0,1,0,602,46,648,994,97
1091,2018-03-22,0,False,0,0,1,0,602,46,648,995,97
1092,2018-03-24,0,False,0,0,1,0,602,46,648,996,97
1093,2018-03-26,1,False,1,0,1,0,603,46,649,997,97
1094,2018-03-28,0,False,0,0,1,0,603,46,649,998,97
1095,2018-03-30,0,False,0,0,1,0,603,46,649,999,97
1096,2018-04-01,0,False,0,0,1,0,603,46,649,1000,97
1097,2018-04-02,1,False,1,0,1,0,604,46,650,1001,97
1098,2018-04-05,1,False,1,0,1,0,605,46,651,1002,97
1099,2018-04-07,2,False,2,0,1,0,607,46,653,1003,97
1100,2018-04-12,0,True,0,0,0,1,607,46,653,1003,98
1101,2018-04-15,2,True,0,2,0,1,607,48,655,1003,99
1102,2018-04-17,0,True,0,0,0,1,607,48,655,1003,100
1103,2018-04-19,1,True,0,1,0,1,607,49,656,1003,101
1104,2018-04-21,0,True,0,0,0,1,607,49,656,1003,102
1105,2018-04-23,2,True,0,2,0,1,607,51,658,1003,103
1106,2018-04-26,1,True,0,1,0,1,607,52,659,1003,104
1107,2018-04-29,1,True,0,1,0,1,607,53,660,1003,105
1108,2018-05-01,1,True,0,1,0,1,607,54,661,1003,106
1109,2018-05-03,0,True,0,0,0,1,607,54,661,1003,107
1110,2018-05-05,0,True,0,0,0,1,607,54,661,1003,108
1111,2018-05-07,0,True,0,0,0,1,607,54,661,1003,109
1112,2018-05-11,1,True,0,1,0,1,607,55,662,1003,110
1113,2018-05-13,1,True,0,1,0,1,607,56,663,1003,111
1114,2018-05-15,0,True,0,0,0,1,607,56,663,1003,112
1115,2018-05-17,0,True,0,0,0,1,607,56,663,1003,113
1116,2018-05-19,1,True,0,1,0,1,607,57,664,1003,114
1117,2018-05-21,0,True,0,0,0,1,607,57,664,1003,115
1118,2018-05-23,1,True,0,1,0,1,607,58,665,1003,116
1119,2018-05-28,0,True,0,0,0,1,607,58,665,1003,117
1120,2018-05-30,1,True,0,1,0,1,607,59,666,1003,118
1121,2018-06-02,1,True,0,1,0,1,607,60,667,1003,119
1122,2018-06-04,0,True,0,0,0,1,607,60,667,1003,120
1123,2018-06-07,1,True,0,1,0,1,607,61,668,1003,121
1124,2018-10-03,1,False,1,0,1,0,608,61,669,1004,121
1125,2018-10-04,1,False,1,0,1,0,609,61,670,1005,121
1126,2018-10-10,2,False,2,0,1,0,611,61,672,1006,121
1127,2018-10-11,0,False,0,0,1,0,611,61,672,1007,121
1128,2018-10-13,0,False,0,0,1,0,611,61,672,1008,121
1129,2018-10-17,2,False,2,0,1,0,613,61,674,1009,121
1130,2018-10-19,0,False,0,0,1,0,613,61,674,1010,121
1131,2018-10-22,2,False,2,0,1,0,615,61,676,1011,121
1132,2018-10-25,0,False,0,0,1,0,615,61,676,1012,121
1133,2018-10-27,0,False,0,0,1,0,615,61,676,1013,121
1134,2018-11-01,2,False,2,0,1,0,617,61,678,1014,121
1135,2018-11-03,0,False,0,0,1,0,617,61,678,1015,121
1136,2018-11-05,1,False,1,0,1,0,618,61,679,1016,121
1137,2018-11-07,1,False,1,0,1,0,619,61,680,1017,121
1138,2018-11-09,0,False,0,0,1,0,619,61,680,1018,121
1139,2018-11-11,0,False,0,0,1,0,619,61,680,1019,121
1140,2018-11-13,0,False,0,0,1,0,619,61,680,1020,121
1141,2018-11-14,0,False,0,0,1,0,619,61,680,1021,121
1142,2018-11-16,1,False,1,0,1,0,620,61,681,1022,121
1143,2018-11-19,2,False,2,0,1,0,622,61,683,1023,121
1144,2018-11-21,0,False,0,0,1,0,622,61,683,1024,121
1145,2018-11-23,1,False,1,0,1,0,623,61,684,1025,121
1146,2018-11-24,1,False,1,0,1,0,624,61,685,1026,121
1147,2018-11-26,1,False,1,0,1,0,625,61,686,1027,121
1148,2018-11-30,1,False,1,0,1,0,626,61,687,1028,121
1149,2018-12-02,0,False,0,0,1,0,626,61,687,1029,121
1150,2018-12-04,1,False,1,0,1,0,627,61,688,1030,121
1151,2018-12-06,1,False,1,0,1,0,628,61,689,1031,121
1152,2018-12-08,1,False,1,0,1,0,629,61,690,1032,121
1153,2018-12-11,3,False,3,0,1,0,632,61,693,1033,121
1154,2018-12-14,3,False,3,0,1,0,635,61,696,1034,121
1155,2018-12-15,1,False,1,0,1,0,636,61,697,1035,121
1156,2018-12-19,0,False,0,0,1,0,636,61,697,1036,121
1157,2018-12-21,0,False,0,0,1,0,636,61,697,1037,121
1158,2018-12-22,0,False,0,0,1,0,636,61,697,1038,121
1159,2018-12-27,0,False,0,0,1,0,636,61,697,1039,121
1160,2018-12-29,0,False,0,0,1,0,636,61,697,1040,121
1161,2018-12-31,0,False,0,0,1,0,636,61,697,1041,121
1162,2019-01-03,1,False,1,0,1,0,637,61,698,1042,121
1163,2019-01-04,0,False,0,0,1,0,637,61,698,1043,121
1164,2019-01-06,0,False,0,0,1,0,637,61,698,1044,121
1165,2019-01-08,0,False,0,0,1,0,637,61,698,1045,121
1166,2019-01-10,2,False,2,0,1,0,639,61,700,1046,121
1167,2019-01-12,0,False,0,0,1,0,639,61,700,1047,121
1168,2019-01-14,1,False,1,0,1,0,640,61,701,1048,121
1169,2019-01-15,0,False,0,0,1,0,640,61,701,1049,121
1170,2019-01-18,0,False,0,0,1,0,640,61,701,1050,121
1171,2019-01-20,0,False,0,0,1,0,640,61,701,1051,121
1172,2019-01-22,3,False,3,0,1,0,643,61,704,1052,121
1173,2019-01-23,1,False,1,0,1,0,644,61,705,1053,121
1174,2019-02-03,0,False,0,0,1,0,644,61,705,1054,121
1175,2019-02-05,0,False,0,0,1,0,644,61,705,1055,121
1176,2019-02-07,0,False,0,0,1,0,644,61,705,1056,121
1177,2019-02-09,0,False,0,0,1,0,644,61,705,1057,121
1178,2019-02-11,1,False,1,0,1,0,645,61,706,1058,121
1179,2019-02-12,0,False,0,0,1,0,645,61,706,1059,121
1180,2019-02-14,1,False,1,0,1,0,646,61,707,1060,121
1181,2019-02-17,1,False,1,0,1,0,647,61,708,1061,121
1182,2019-02-18,2,False,2,0,1,0,649,61,710,1062,121
1183,2019-02-21,1,False,1,0,1,0,650,61,711,1063,121
1184,2019-02-23,1,False,1,0,1,0,651,61,712,1064,121
1185,2019-02-24,0,False,0,0,1,0,651,61,712,1065,121
1186,2019-02-26,0,False,0,0,1,0,651,61,712,1066,121
1187,2019-03-01,1,False,1,0,1,0,652,61,713,1067,121
1188,2019-03-03,0,False,0,0,1,0,652,61,713,1068,121
1189,2019-03-06,1,False,1,0,1,0,653,61,714,1069,121
1190,2019-03-08,0,False,0,0,1,0,653,61,714,1070,121
1191,2019-03-10,0,False,0,0,1,0,653,61,714,1071,121
1192,2019-03-12,0,False,0,0,1,0,653,61,714,1072,121
1193,2019-03-14,0,False,0,0,1,0,653,61,714,1073,121
1194,2019-03-16,2,False,2,0,1,0,655,61,716,1074,121
1195,2019-03-19,0,False,0,0,1,0,655,61,716,1075,121
1196,2019-03-20,0,False,0,0,1,0,655,61,716,1076,121
1197,2019-03-22,0,False,0,0,1,0,655,61,716,1077,121
1198,2019-03-24,0,False,0,0,1,0,655,61,716,1078,121
1199,2019-03-26,1,False,1,0,1,0,656,61,717,1079,121
1200,2019-03-28,0,False,0,0,1,0,656,61,717,1080,121
1201,2019-03-30,2,False,2,0,1,0,658,61,719,1081,121
1202,2019-04-01,0,False,0,0,1,0,658,61,719,1082,121
1203,2019-04-04,0,False,0,0,1,0,658,61,719,1083,121
1204,2019-04-06,0,False,0,0,1,0,658,61,719,1084,121
1205,2019-04-11,1,True,0,1,0,1,658,62,720,1084,122
1206,2019-04-13,0,True,0,0,0,1,658,62,720,1084,123
1207,2019-04-15,0,True,0,0,0,1,658,62,720,1084,124
1208,2019-04-18,1,True,0,1,0,1,658,63,721,1084,125
1209,2019-04-20,1,True,0,1,0,1,658,64,722,1084,126
1210,2019-04-22,1,True,0,1,0,1,658,65,723,1084,127
1211,2019-04-24,0,True,0,0,0,1,658,65,723,1084,128
1212,2019-10-02,1,False,1,0,1,0,659,65,724,1085,128
1213,2019-10-04,0,False,0,0,1,0,659,65,724,1086,128
1214,2019-10-05,0,False,0,0,1,0,659,65,724,1087,128
1215,2019-10-08,0,False,0,0,1,0,659,65,724,1088,128
1216,2019-10-10,2,False,2,0,1,0,661,65,726,1089,128
1217,2019-10-12,1,False,1,0,1,0,662,65,727,1090,128
1218,2019-10-14,1,False,1,0,1,0,663,65,728,1091,128
1219,2019-10-16,0,False,0,0,1,0,663,65,728,1092,128
1220,2019-10-18,0,False,0,0,1,0,663,65,728,1093,128
1221,2019-10-20,1,False,1,0,1,0,664,65,729,1094,128
1222,2019-10-22,1,False,1,0,1,0,665,65,730,1095,128
1223,2019-10-24,2,False,2,0,1,0,667,65,732,1096,128
1224,2019-10-25,0,False,0,0,1,0,667,65,732,1097,128
1225,2019-10-29,2,False,2,0,1,0,669,65,734,1098,128
1226,2019-11-01,0,False,0,0,1,0,669,65,734,1099,128
1227,2019-11-03,0,False,0,0,1,0,669,65,734,1100,128
1228,2019-11-07,2,False,2,0,1,0,671,65,736,1101,128
1229,2019-11-09,0,False,0,0,1,0,671,65,736,1102,128
1230,2019-11-11,0,False,0,0,1,0,671,65,736,1103,128
1231,2019-11-13,0,False,0,0,1,0,671,65,736,1104,128
1232,2019-11-15,1,False,1,0,1,0,672,65,737,1105,128
1233,2019-11-16,0,False,0,0,1,0,672,65,737,1106,128
1234,2019-11-18,1,False,1,0,1,0,673,65,738,1107,128
1235,2019-11-20,0,False,0,0,1,0,673,65,738,1108,128
1236,2019-11-23,0,False,0,0,1,0,673,65,738,1109,128
1237,2019-11-27,1,False,1,0,1,0,674,65,739,1110,128
1238,2019-11-29,1,False,1,0,1,0,675,65,740,1111,128
1239,2019-11-30,3,False,3,0,1,0,678,65,743,1112,128
1240,2019-12-03,0,False,0,0,1,0,678,65,743,1113,128
1241,2019-12-04,0,False,0,0,1,0,678,65,743,1114,128
1242,2019-12-06,0,False,0,0,1,0,678,65,743,1115,128
1243,2019-12-09,1,False,1,0,1,0,679,65,744,1116,128
1244,2019-12-11,0,False,0,0,1,0,679,65,744,1117,128
1245,2019-12-14,0,False,0,0,1,0,679,65,744,1118,128
1246,2019-12-16,0,False,0,0,1,0,679,65,744,1119,128
1247,2019-12-20,1,False,1,0,1,0,680,65,745,1120,128
1248,2019-12-21,0,False,0,0,1,0,680,65,745,1121,128
1249,2019-12-23,1,False,1,0,1,0,681,65,746,1122,128
1250,2019-12-27,0,False,0,0,1,0,681,65,746,1123,128
1251,2019-12-28,1,False,1,0,1,0,682,65,747,1124,128
1252,2019-12-31,0,False,0,0,1,0,682,65,747,1125,128
1253,2020-01-03,0,False,0,0,1,0,682,65,747,1126,128
1254,2020-01-05,0,False,0,0,1,0,682,65,747,1127,128
1255,2020-01-07,2,False,2,0,1,0,684,65,749,1128,128
1256,2020-01-08,0,False,0,0,1,0,684,65,749,1129,128
1257,2020-01-11,0,False,0,0,1,0,684,65,749,1130,128
1258,2020-01-13,2,False,2,0,1,0,686,65,751,1131,128
1259,2020-01-16,3,False,3,0,1,0,689,65,754,1132,128
1260,2020-01-18,3,False,3,0,1,0,692,65,757,1133,128
1261,2020-01-29,1,False,1,0,1,0,693,65,758,1134,128
1262,2020-01-31,2,False,2,0,1,0,695,65,760,1135,128
1263,2020-02-02,0,False,0,0,1,0,695,65,760,1136,128
1264,2020-02-04,3,False,3,0,1,0,698,65,763,1137,128
1265,2020-02-08,0,False,0,0,1,0,698,65,763,1138,128
1266,2020-02-10,0,False,0,0,1,0,698,65,763,1139,128
1267,2020-02-13,0,False,0,0,1,0,698,65,763,1140,128
1268,2020-02-15,0,False,0,0,1,0,698,65,763,1141,128
1269,2020-02-17,0,False,0,0,1,0,698,65,763,1142,128
1270,2020-02-20,1,False,1,0,1,0,699,65,764,1143,128
1271,2020-02-22,1,False,1,0,1,0,700,65,765,1144,128
1272,2020-02-23,0,False,0,0,1,0,700,65,765,1145,128
1273,2020-02-25,1,False,1,0,1,0,701,65,766,1146,128
1274,2020-02-27,0,False,0,0,1,0,701,65,766,1147,128
1275,2020-03-01,2,False,2,0,1,0,703,65,768,1148,128
1276,2020-03-04,0,False,0,0,1,0,703,65,768,1149,128
1277,2020-03-05,2,False,2,0,1,0,705,65,770,1150,128
